Entrez_GeneID,Symbol,LocusTag
944740,yjhR,b4308
944741,nfrA,b0568
944742,thrL,b0001
944743,insB1,b0021
944744,sspA,b3229
944745,yaaJ,b0007
944747,yaaX,b0005
944748,talB,b0008
944749,yaaA,b0006
944750,dnaK,b0014
944751,yaaI,b0013
944752,rhmR,b2248
944753,dnaJ,b0015
944754,insL1,b0016
944756,mokC,b0018
944757,nhaR,b0020
944758,nhaA,b0019
944759,rpsT,b0023
944760,mog,b0009
944761,ileS,b0026
944762,dapB,b0031
944763,ygdB,b2824
944764,yfjI,b2625
944765,caiT,b0040
944766,yaaU,b0045
944767,kefF,b0046
944768,mhpD,b0350
944769,idnD,b4267
944770,apaH,b0049
944771,yaaW,b0011
944772,apaG,b0050
944773,kefC,b0047
944774,sspB,b3228
944775,carB,b0033
944776,yabP,b4659
944777,ispH,b0029
944778,ftsA,b0094
944779,polB,b0060
944780,araC,b0064
944781,yadD,b0132
944782,yddE,b1464
944783,yabI,b0065
944784,thiP,b0067
944785,thiQ,b0066
944786,ftsZ,b0095
944788,sgrR,b0069
944789,wecB,b3786
944790,folA,b0048
944791,murE,b0085
944792,satP,b0010
944793,setA,b0070
944794,aceF,b0115
944795,caiF,b0034
944796,rihC,b0030
944797,aceK,b4016
944798,leuB,b0073
944799,ftsI,b0084
944800,lspA,b0027
944801,yfdC,b2347
944802,ydfJ,b4600
944803,ftsL,b0083
944804,cra,b0080
944805,acpP,b1094
944806,rsmH,b0082
944807,fkpB,b0028
944808,bcr,b2182
944809,yacL,b0119
944810,mraZ,b0081
944811,cfa,b1661
944812,surA,b0053
944813,murF,b0086
944814,mraY,b0087
944815,wzzE,b3785
944816,lpxC,b0096
944817,gpt,b0238
944818,murD,b0088
944819,htrE,b0139
944820,uidC,b1615
944821,secA,b0098
944822,nhaB,b1186
944823,ftsQ,b0093
944824,mutT,b0099
944826,serT,b0971
944827,pdhR,b0113
944828,yadM,b0138
944829,yadL,b0137
944830,gcd,b0124
944831,secM,b0097
944832,can,b0126
944833,yadG,b0127
944834,aceE,b0114
944835,yadK,b0136
944836,yadH,b0128
944837,yadC,b0135
944838,lpxB,b0182
944839,panB,b0134
944840,manA,b1613
944841,yadN,b0141
944842,hybA,b2996
944843,mrcB,b0149
944844,argF,b0273
944845,hrpB,b0148
944846,gluQ,b0144
944847,smrB,b2331
944848,ligT,b0147
944849,lpxA,b0181
944850,dksA,b0145
944851,ydhQ,b1664
944852,rnhB,b0183
944853,ybgA,b0707
944854,lpd,b0116
944855,sfsA,b0146
944856,fhuA,b0150
944857,erpA,b0156
944858,yciM,b1280
944859,yadV,b0140
944860,cdaR,b0162
944861,skp,b0178
944862,dapD,b0166
944863,glnD,b0167
944864,acnB,b0118
944865,lplA,b4386
944866,tsf,b0170
944867,argP,b2916
944868,yacH,b0117
944869,ybhD,b0768
944870,bamA,b0177
944871,rseP,b0176
944872,glnH,b0811
944873,zapD,b0102
944874,ispU,b0174
944875,yaeR,b0187
944876,cdsA,b0175
944877,dnaE,b0184
944878,sufD,b1681
944879,gmhB,b0200
944880,aspU,b0206
944881,gshA,b2688
944882,lpxD,b0179
944883,yjjJ,b4385
944884,ileV,b0202
944885,hscA,b2526
944886,caiC,b0037
944887,ldcC,b0186
944888,fabZ,b0180
944889,tilS,b0188
944890,alaV,b0203
944891,rof,b0189
944892,yaeF,b0193
944893,metQ,b0197
944894,metI,b0198
944895,accA,b0185
944896,metN,b0199
944897,rrsH,b0201
944898,rrfH,b0205
944899,yafL,b0227
944900,rrlH,b0204
944901,dkgB,b0207
944902,gloB,b0212
944903,yafS,b0213
944905,queA,b0405
944906,yafJ,b0223
944907,tdcR,b3119
944908,lfhA,b0229
944909,ffs,b0455
944910,yafK,b0224
944911,yafQ,b0225
944912,yafP,b0234
944913,rayT,b0228
944914,dinJ,b0226
944916,yafO,b0233
944917,insH1,b0656
944918,cyoD,b0429
944919,pdxA,b0052
944920,yafN,b0232
944921,lafU,b0230
944922,dinB,b0231
944923,pcm,b2743
944924,ykfJ,b0235
944925,yagE,b0268
944926,phoE,b0241
944927,ynfK,b1593
944928,yagF,b0269
944929,yafW,b0246
944930,ykfG,b0247
944931,yafX,b0248
944932,ydcK,b1428
944933,arpA,b4017
944934,yafY,b0251
944936,yciS,b1279
944937,yagA,b0267
944938,rlmF,b0807
944939,rsmA,b0051
944940,ykfC,b0258
944941,insH1,b0259
944942,insQ,b1432
944943,galM,b0756
944944,yagB,b0266
944945,ais,b2252
944946,insA,b0265
944947,yagG,b0270
944948,insF1,b0299
944949,yagH,b0271
944950,insB1,b0274
944951,insA,b0275
944952,insE1,b0298
944953,sodB,b1656
944954,mhpC,b0349
944955,ltaE,b0870
944956,ykgA,b0300
944957,eaeH,b0297
944958,panC,b0133
944959,yagM,b0279
944960,ykgM,b0296
944961,paoC,b0284
944962,ykgL,b0295
944963,hypF,b2712
944964,mltA,b2813
944965,ynjD,b1756
944966,ecpR,b0294
944967,ompX,b0814
944968,yahN,b0328
944969,yahM,b0327
944970,yahL,b0326
944971,dedD,b2314
944972,ybcF,b0521
944973,glsB,b1524
944974,rclC,b0301
944975,yahK,b0325
944976,yahJ,b0324
944977,sfmF,b0534
944978,gfcC,b0985
944979,eutH,b2452
944980,ykgF,b0307
944981,betI,b0313
944982,ftsP,b3017
944983,solA,b1059
944984,yahI,b0323
944985,yahO,b0329
944986,frmR,b0357
944987,prpR,b0330
944988,frmA,b0356
944989,pyrH,b0171
944990,prpB,b0331
944991,frmB,b0355
944993,yaiL,b0354
944994,codB,b0336
944996,codA,b0337
944997,mhpT,b0353
944999,pqiA,b0950
945000,dcuC,b0621
945001,cynR,b0338
945002,yaeI,b0164
945003,cusR,b0571
945004,pal,b0741
945005,opgG,b1048
945006,lacZ,b0344
945007,lacI,b0345
945008,mhpF,b0351
945009,insB1,b0988
945010,paoD,b0283
945011,lptD,b0054
945012,mhpE,b0352
945013,pepD,b0237
945014,yaiO,b0358
945016,yagI,b0272
945017,hemB,b0369
945019,dxr,b0173
945021,tauD,b0368
945022,dinI,b1061
945023,tusE,b0969
945024,renD,b0542
945025,insC1,b0360
945026,tauC,b0367
945027,tauB,b0366
945028,yqeG,b2845
945029,gfcA,b0987
945030,tauA,b0365
945031,aroL,b0388
945032,eno,b2779
945033,yaiI,b0387
945034,proC,b0386
945036,insF1,b0372
945037,yaiC,b0385
945038,yaiW,b0378
945040,psiF,b0384
945041,phoA,b0383
945042,brnQ,b0401
945043,yaiA,b0389
945044,phoR,b0400
945045,aroM,b0390
945046,phoB,b0399
945047,mhpB,b0348
945048,yaiE,b0391
945049,sbcD,b0398
945050,proY,b0402
945051,yajD,b0410
945052,yqgC,b2940
945053,ssrA,b2621
945054,nusB,b0416
945055,cvpA,b2313
945056,yjiT,b4342
945057,ispF,b2746
945058,yajR,b0427
945059,yfhR,b2534
945060,dxs,b0420
945061,yecA,b1908
945062,yfjU,b2638
945063,yajQ,b0426
945064,ispA,b0421
945065,panE,b0425
945066,yajL,b0424
945067,thiI,b0423
945068,gpmA,b0755
945069,xseB,b0422
945070,ybaY,b0453
945071,priC,b0467
945072,puuB,b1301
945073,cyoE,b0428
945074,tesB,b0452
945075,rutR,b1013
945076,leuC,b0072
945077,crl,b0240
945078,ratB,b2618
945079,betT,b0314
945080,cyoA,b0432
945081,tig,b0436
945082,clpP,b0437
945083,clpX,b0438
945084,amtB,b0451
945085,lon,b0439
945086,ygiB,b3037
945087,glnK,b0450
945088,mdlB,b0449
945089,cof,b0446
945090,ymgC,b1167
945091,ybaO,b0447
945092,mdlA,b0448
945093,ygaZ,b2682
945094,ybaZ,b0454
945095,ydiP,b1696
945096,maa,b0459
945097,adk,b0474
945098,hha,b0460
945099,htpG,b0473
945100,recR,b0472
945101,dps,b0812
945102,ftsK,b0890
945103,asr,b1597
945104,ybaB,b0471
945105,dnaX,b0470
945106,tomB,b0461
945107,argX,b3796
945108,acrB,b0462
945109,trpD,b1263
945110,ybgP,b0717
945111,ygaH,b2683
945112,acrA,b0463
945113,apt,b0469
945114,rhsH,b0499
945115,ybbC,b0498
945116,rhsD,b0497
945117,ydgH,b1604
945118,ybbP,b0496
945119,fsr,b0479
945120,ygcO,b2767
945121,yncI,b1459
945122,ybbA,b0495
945123,queD,b2765
945124,ybaP,b0482
945125,cmtB,b2934
945126,ybbJ,b0488
945127,tesA,b0494
945128,ompW,b1256
945129,glxK,b0514
945130,pmrD,b2259
945131,ybbY,b0513
945132,mscK,b0465
945133,ybbD,b0501
945134,allB,b0512
945135,tus,b1610
945136,nuoN,b2276
945137,fetB,b0491
945138,ybbW,b0511
945139,allS,b0504
945140,yniB,b1726
945141,allA,b0505
945142,thiM,b2104
945143,lpxM,b1855
945144,ybaM,b0466
945146,glxR,b0509
945147,ybcO,b0549
945148,xdhC,b2868
945149,allE,b0515
945150,allC,b0516
945151,ninE,b0548
945152,rplT,b1716
945153,purK,b0522
945154,rfbA,b2039
945155,ybcI,b0527
945156,ydgC,b1607
945158,ybcJ,b0528
945159,ydgI,b1605
945160,sfmD,b0532
945161,argU,b0536
945162,ybcN,b0547
945163,ybcM,b0546
945164,macB,b0879
945165,ybcL,b0545
945166,ybcK,b0544
945167,fau,b2912
945168,yfgI,b2506
945170,ybcY,b0562
945171,tfaD,b0561
945172,nohD,b0560
945173,loiP,b2936
945174,rusA,b0550
945175,ybcW,b0559
945176,ybfD,b0706
945177,quuD,b0551
945178,ybcV,b0558
945179,wbbH,b2035
945180,fepE,b0587
945181,fes,b0585
945182,hybC,b2994
945183,tfaX,b0563
945184,entF,b0586
945185,ompT,b0565
945186,ybcH,b0567
945187,napD,b2207
945188,cusF,b0573
945189,cusB,b0574
945190,rpmA,b3185
945191,cusA,b0575
945192,yedE,b1929
945193,fepA,b0584
945194,entD,b0583
945195,ylbF,b0520
945196,iscX,b2524
945197,mhpA,b0347
945198,thrC,b0004
945199,pheP,b0576
945200,insL1,b0582
945201,fepC,b0588
945203,insD1,b0361
945204,yceM,b1068
945205,ybdN,b0602
945206,ybdM,b0601
945207,stfR,b1372
945208,ydhB,b1659
945209,fepG,b0589
945210,mepH,b1655
945211,ybdL,b0600
945212,ybdH,b0599
945213,cstA,b0598
945214,fepD,b0590
945215,entH,b0597
945216,ybdO,b0603
945217,lipB,b0630
945218,hscC,b0650
945219,ybeF,b0629
945220,ybeD,b0631
945221,folD,b0529
945222,dacA,b0632
945223,yaiY,b0379
945224,dsbG,b0604
945225,ahpC,b0605
945226,purR,b1658
945227,lipA,b0628
945228,tatE,b0627
945229,uspG,b0607
945230,citF,b0615
945231,citC,b0618
945233,citA,b0619
945235,glf,b2036
945236,etp,b0982
945237,rsfS,b0637
945238,mrdB,b0634
945239,rlmH,b0636
945240,mrdA,b0635
945241,rlpA,b0633
945243,ybeT,b0647
945244,ybeU,b0648
945245,djlB,b0646
945246,cobC,b0638
945247,ygcG,b2778
945248,nadD,b0639
945249,ybeR,b0645
945250,fhuC,b0151
945251,ybeQ,b0644
945252,ybeL,b0643
945253,djlC,b0649
945254,gltL,b0652
945255,glnV,b0665
945256,cmtA,b2933
945257,glnX,b0664
945258,serA,b2913
945260,miaB,b0661
945261,ubiF,b0662
945262,metU,b0666
945263,yqeH,b2846
945264,leuW,b0672
945265,paaI,b1396
945266,sapC,b1292
945268,ynfF,b1588
945269,glnU,b0670
945271,pgm,b0688
945272,seqA,b0687
945273,ldtA,b1990
945274,ybfP,b0689
945275,arnC,b2254
945276,rfbB,b2041
945278,yahB,b0316
945279,iscR,b2531
945280,metT,b0673
945281,asnB,b0674
945282,mprA,b2684
945283,umpH,b0675
945284,entA,b0596
945285,nagC,b0676
945287,ybfG,b0691
945288,ybfF,b0686
945289,nagA,b0677
945290,nagB,b0678
945291,ybfE,b0685
945292,nagE,b0679
945293,fldA,b0684
945294,araD,b0061
945295,fur,b0683
945296,chiP,b0681
945297,speF,b0693
945298,hyfE,b2485
945299,peaD,b4508
945300,sdhB,b0724
945301,aer,b3072
945302,kdpE,b0694
945303,sucA,b0726
945304,yccX,b0968
945305,osmE,b1739
945306,rhsC,b0700
945307,sucB,b0727
945308,yaiP,b0363
945309,hisJ,b2309
945310,glnS,b0680
945311,ybgJ,b0711
945312,sucC,b0728
945313,ddlA,b0381
945314,sucD,b0729
945316,sdhC,b0721
945317,ybgK,b0712
945318,ybgL,b0713
945319,yejG,b2181
945320,nei,b0714
945321,abrB,b0715
945322,sdhD,b0722
945323,gltA,b0720
945324,lptG,b4262
945325,ybgD,b0719
945326,ybgE,b0735
945327,hycC,b2723
945328,tolR,b0738
945329,ymfD,b1137
945330,paoA,b0286
945331,valT,b0744
945332,cueR,b0487
945333,allR,b0506
945334,arnD,b2256
945335,sapF,b1290
945336,lysT,b0743
945337,ybbO,b0493
945338,lysW,b0745
945339,chbB,b1738
945340,ariR,b1166
945341,cydA,b0733
945342,lysY,b0747
945343,sodC,b1646
945344,arnF,b2258
945345,valZ,b0746
945346,hcaB,b2541
945347,cydB,b0734
945348,zitB,b0752
945349,yagN,b0280
945350,pnuC,b0751
945351,nadA,b0750
945352,lysZ,b0748
945353,lysQ,b0749
945354,galE,b0759
945355,mngA,b0731
945356,ybgS,b0753
945357,galT,b0758
945358,galK,b0757
945359,mngB,b0732
945360,opgE,b0815
945361,modB,b0764
945362,modC,b0765
945363,ybaT,b0486
945364,modA,b0763
945365,acrZ,b0762
945366,modE,b0761
945367,sfmC,b0531
945368,modF,b0760
945369,qseB,b3025
945370,bioB,b0775
945371,mngR,b0730
945372,ybhA,b0766
945373,yafZ,b0252
945374,yajC,b0407
945375,ybhH,b0769
945376,bioA,b0774
945377,ybhI,b0770
945378,rsuA,b2183
945379,yahG,b0321
945380,ybhJ,b0771
945381,ybhC,b0772
945382,pheT,b1713
945383,ybhB,b0773
945384,bioF,b0776
945385,uvrB,b0779
945387,bioD,b0778
945388,bioC,b0777
945389,metK,b2942
945390,ybhK,b0780
945391,roxA,b1128
945392,moaA,b0781
945393,ppdA,b2826
945394,gcl,b0507
945396,moaB,b0782
945397,moaC,b0783
945398,moaD,b0784
945399,moaE,b0785
945400,yifK,b3795
945401,ybhL,b0786
945402,sdhA,b0723
945403,ybhR,b0792
945404,ogrK,b2082
945405,ybhQ,b0791
945406,citE,b0616
945407,sfmH,b0533
945408,ybhP,b0790
945409,clsB,b0789
945410,ybhN,b0788
945411,ybhS,b0793
945412,ybiC,b0801
945413,ybhF,b0794
945414,ybhG,b0795
945415,citD,b0617
945416,yfdM,b2356
945417,perR,b0254
945418,lsrB,b1516
945419,yqaA,b2689
945420,exbB,b3006
945421,ybiH,b0796
945422,potE,b0692
945423,ykiA,b0392
945424,ybiB,b0800
945425,rhlE,b0797
945426,ybiA,b0798
945427,hcaD,b2542
945428,mltC,b2963
945429,tolB,b0740
945431,dinG,b0799
945432,ybiV,b0822
945433,ybiJ,b0802
945434,ybiI,b0803
945435,glnQ,b0809
945437,mntR,b0817
945438,ybiR,b0818
945439,ybiU,b0821
945440,ybiT,b0820
945441,ldtB,b0819
945442,flhD,b1892
945443,gltJ,b0654
945444,ybiW,b0823
945445,ybiY,b0824
945446,puuE,b1302
945447,ybjH,b0843
945448,mdfA,b0842
945449,fsaA,b0825
945450,ybjG,b0841
945451,folC,b2315
945452,moeB,b0826
945453,deoR,b0840
945454,moeA,b0827
945455,dacC,b0839
945456,iaaA,b0828
945457,gsiA,b0829
945458,dusC,b2140
945459,gsiB,b0830
945460,gsiC,b0831
945461,gsiD,b0832
945462,yliE,b0833
945463,yliF,b0834
945464,acrD,b2470
945465,rimO,b0835
945466,bssR,b0836
945467,yliI,b0837
945468,nanR,b3226
945469,gstB,b0838
945470,ybjI,b0844
945471,ybjJ,b0845
945472,ihfA,b1712
945473,rcdA,b0846
945474,ybjL,b0847
945475,potH,b0856
945476,potG,b0855
945477,ybjM,b0848
945478,yfaY,b2249
945479,grxA,b0849
945480,potF,b0854
945481,ybjC,b0850
945482,ybjN,b0853
945483,nfsA,b0851
945484,rimK,b0852
945485,potI,b0857
945486,argW,b2348
945487,murJ,b1069
945488,ybjO,b0858
945489,artP,b0864
945490,aat,b0885
945491,ybjP,b0865
945492,bhsA,b1112
945493,ybjQ,b0866
945494,amiD,b0867
945495,ybjS,b0868
945496,ybjT,b0869
945497,aqpZ,b0875
945498,ybjD,b0876
945499,pspC,b1306
945500,infA,b0884
945501,serW,b0883
945502,dmsC,b0896
945503,rihA,b0651
945504,cydC,b0886
945505,rarA,b0892
945506,serS,b0893
945507,dmsB,b0895
945508,dmsA,b0894
945509,ycaO,b0905
945510,mlc,b1594
945511,entC,b0593
945512,ycaC,b0897
945513,focA,b0904
945514,pflB,b0903
945515,ycaD,b0898
945516,acrR,b0464
945517,pflA,b0902
945518,ycaM,b0899
945519,trpC,b1262
945520,ycaK,b0901
945521,yajG,b0434
945522,sfmA,b0530
945523,ycaN,b0900
945524,ycaQ,b0916
945525,ycaP,b0906
945526,lpxK,b0915
945527,serC,b0907
945528,aroA,b0908
945529,yejH,b2184
945530,msbA,b0914
945531,ycaI,b0913
945532,ddpX,b1488
945533,ihfB,b0912
945534,ycaL,b0909
945535,cmk,b0910
945536,rpsA,b0911
945537,ycaR,b0917
945538,ycbK,b0926
945539,kdsB,b0918
945540,nuoL,b2278
945541,ldtD,b0925
945542,uxaB,b1521
945543,yegX,b2102
945544,napG,b2205
945545,ycbJ,b0919
945546,elyC,b0920
945547,smtA,b0921
945548,mukF,b0922
945549,mukB,b0924
945550,mukE,b0923
945551,ycbL,b0927
945552,zapC,b0946
945553,aspC,b0928
945554,ompF,b0929
945555,asnS,b0930
945556,pyrD,b0945
945557,ssuD,b0935
945558,ybaN,b0468
945559,ycbF,b0944
945560,ssuA,b0936
945561,ycbU,b0942
945562,ycbV,b0943
945563,ycbX,b0947
945564,rlmL,b0948
945565,yfdP,b2359
945566,uup,b0949
945567,rmf,b0953
945568,fabA,b0954
945569,ycbZ,b0955
945570,matP,b0956
945571,ompA,b0957
945572,hyaF,b0977
945573,hyaE,b0976
945574,mgsA,b0963
945575,hyaD,b0975
945576,scpA,b2917
945577,yccT,b0964
945578,hspQ,b0966
945579,hyaA,b0972
945580,hyaB,b0973
945581,hyaC,b0974
945582,mlaA,b2346
945583,bamE,b2617
945584,insE1,b1027
945585,cbdA,b0978
945586,gfcE,b0983
945587,insF1,b1026
945588,gfcD,b0984
945589,ymdE,b1028
945590,cspH,b0989
945591,cspG,b0990
945592,ycdU,b1029
945593,ycdT,b1025
945594,yccF,b0961
945595,torS,b0993
945596,pgaA,b1024
945597,cbpM,b0999
945598,ymdF,b4518
945599,rutC,b1010
945600,putA,b1014
945601,yceA,b1055
945602,putP,b1015
945603,efeO,b1018
945604,pgaB,b1023
945605,aroG,b0754
945606,pgaC,b1022
945608,ydhU,b1670
945609,ycdY,b1035
945611,ndk,b2518
945612,msyB,b1051
945613,yceK,b1050
945614,ratA,b2619
945615,cyoB,b0431
945616,rclR,b0305
945617,ycdZ,b1036
945618,rplY,b2185
945619,csgG,b1037
945620,ribD,b0414
945621,glnP,b0810
945622,csgF,b1038
945623,csgC,b1043
945624,opgH,b1049
945625,torD,b0998
945626,ydiO,b1695
945627,mdtG,b1053
945628,yceJ,b1057
945629,yceO,b1058
945630,yacG,b0101
945631,yceF,b1087
945632,yniC,b1727
945633,yceH,b1067
945634,flgN,b1070
945635,pspD,b1307
945636,flgE,b1076
945637,rluC,b1086
945638,ynfG,b1589
945639,flgF,b1077
945640,yceQ,b1085
945641,rne,b1084
945642,leuD,b0071
945643,rutA,b1012
945644,ydjM,b1728
945645,fabG,b1093
945646,flgL,b1083
945647,flgG,b1078
945648,flgK,b1082
945649,fhuE,b1102
945650,yceD,b1088
945651,ptsG,b1101
945652,pspE,b1308
945653,pqiB,b0951
945654,deoD,b4384
945655,emtA,b1193
945656,ycfH,b1100
945657,rpmF,b1089
945658,rclB,b0303
945659,ycjM,b1309
945660,yceG,b1097
945661,holB,b1099
945662,leuZ,b1909
945663,tmk,b1098
945664,nagK,b1119
945665,lolE,b1118
945666,ldtC,b1113
945667,pck,b3403
945668,yfjS,b2636
945669,cspD,b0880
945670,lolD,b1117
945671,nagZ,b1107
945672,aldA,b1415
945673,lolC,b1116
945674,lacA,b0342
945675,yeaO,b1792
945676,ycfP,b1108
945677,yagU,b0287
945678,flgB,b1073
945679,ycfT,b1115
945680,lsrA,b1513
945681,mfd,b1114
945682,potD,b1123
945683,pspF,b1303
945684,ymfA,b1122
945685,ycfZ,b1121
945686,panD,b0131
945687,cobB,b1120
945688,ydiR,b1698
945689,nudJ,b1134
945690,mnmA,b1133
945691,potC,b1124
945692,potB,b1125
945693,hflD,b1132
945694,mltD,b0211
945695,purB,b1131
945696,ycjN,b1310
945697,phoP,b1130
945698,beeE,b1151
945699,rutB,b1011
945700,ymfR,b1150
945701,rluE,b1135
945702,icd,b1136
945703,jayE,b1152
945705,xisE,b1141
945707,ymfQ,b1153
945709,yfgH,b2505
945710,paoB,b0285
945711,csgE,b1039
945712,ymfI,b1143
945713,chiQ,b0682
945714,serX,b1032
945715,ymfM,b1148
945716,betA,b0311
945717,ymfL,b1147
945718,ymfJ,b1144
945719,cohE,b1145
945720,croE,b1146
945721,pinE,b1158
945722,stfE,b1157
945723,tfaE,b1156
945724,tfaP,b1155
945725,rssA,b1234
945726,stfP,b1154
945727,mcrA,b1159
945728,ymgG,b1172
945729,iraM,b1160
945730,galU,b1236
945731,pptA,b1461
945732,ymgD,b1171
945733,ycgX,b1161
945735,bluR,b1162
945737,yddL,b1472
945738,ycgG,b1168
945740,minE,b1174
945741,minD,b1175
945742,abgA,b1338
945743,dhaR,b1201
945744,minC,b1176
945745,hlyE,b1182
945746,umuD,b1183
945747,dhaK,b1200
945748,dhaL,b1199
945749,dhaM,b1198
945750,glnW,b0668
945751,btuD,b1709
945752,dadA,b1189
945753,sufB,b1683
945754,dadX,b1190
945755,cvrA,b1191
945756,ldcA,b1192
945757,treA,b1197
945758,gstA,b1635
945759,insE1,b0540
945760,ymgE,b1195
945761,ycgY,b1196
945762,ychH,b1205
945763,ribA,b1277
945764,clpA,b0882
945765,pth,b1204
945766,fabD,b1092
945767,ycgV,b1202
945768,trpB,b1261
945769,ychF,b1203
945770,dauA,b1206
945771,cysB,b1275
945772,prs,b1207
945773,agp,b1002
945774,ispE,b1208
945775,lolB,b1209
945776,yqaB,b2690
945777,hemA,b1210
945778,nfsB,b0578
945779,prmC,b1212
945780,narH,b1225
945781,ychQ,b1213
945782,narG,b1224
945783,narK,b1223
945784,ychA,b1214
945785,kdsA,b1215
945786,ydhS,b1668
945787,pyrC,b1062
945788,narX,b1222
945789,yjiM,b4335
945790,chaA,b1216
945791,pgsA,b1912
945792,chaB,b1217
945793,chaC,b1218
945794,ychN,b1219
945795,narL,b1221
945796,rhmT,b2246
945797,ppdC,b2823
945798,flc,b0624
945799,narU,b1469
945800,insA,b1894
945801,ychO,b1220
945802,oppD,b1246
945803,thrA,b0002
945804,ycgN,b1181
945805,ygiV,b3023
945806,hofC,b0106
945807,narJ,b1226
945808,narI,b1227
945810,oppC,b1245
945811,tyrV,b1230
945812,fadM,b0443
945813,flgD,b1075
945814,mqsA,b3021
945815,dosP,b1489
945816,rsmE,b2946
945817,ppdD,b0108
945818,oppF,b1247
945819,yciU,b1248
945820,tyrT,b1231
945821,clsA,b1249
945822,ynfH,b1590
945823,oppB,b1244
945824,ybgI,b0710
945825,marR,b1530
945826,ygeW,b2870
945827,purU,b1232
945828,ychJ,b1233
945829,hns,b1237
945830,oppA,b1243
945831,abgR,b1339
945832,yfbL,b2271
945833,paaA,b1388
945834,tdk,b1238
945835,dosC,b1490
945836,ychE,b1242
945837,adhE,b1241
945838,yciK,b1271
945839,btuR,b1270
945840,rluB,b1269
945841,kch,b1250
945842,fucU,b2804
945843,tonB,b1252
945844,yciC,b1255
945845,yagL,b0278
945846,trpE,b1264
945847,yagK,b0277
945848,ribC,b1662
945849,nfrB,b0569
945850,yciQ,b1268
945851,add,b1623
945852,tehA,b1429
945853,ogt,b1335
945854,yciO,b1267
945855,rssB,b1235
945856,trpL,b1265
945857,yciV,b1266
945858,sohB,b1272
945859,yciW,b1287
945860,yciN,b1273
945861,ydfI,b1542
945862,topA,b1274
945863,pgpB,b1278
945864,rnb,b1286
945865,tktB,b2465
945866,osmB,b1283
945867,insB1,b1893
945868,gmr,b1285
945869,yciT,b1284
945870,fabI,b1288
945871,ycjD,b1289
945872,ycjX,b1321
945873,sapA,b1294
945874,ymjA,b1295
945875,ycjW,b1320
945876,patD,b1444
945877,btuC,b1711
945878,ycjF,b1322
945879,tyrR,b1323
945880,tpx,b1324
945881,rhmD,b2247
945882,puuD,b1298
945883,mdtK,b1663
945884,ybaV,b0442
945885,ycgZ,b1164
945886,puuR,b1299
945887,pspA,b1304
945888,ycjO,b1311
945889,ompG,b1319
945891,ycjU,b1317
945892,ycjP,b1312
945893,pspB,b1305
945894,yfgO,b2493
945895,ycjT,b1316
945896,insH1,b1331
945897,yghE,b2969
945898,ynaI,b1330
945899,racR,b1356
945901,ynaJ,b1332
945902,hybO,b2997
945903,ydcV,b1443
945904,uspE,b1333
945905,ykgJ,b0288
945906,ykgG,b0308
945907,ydaG,b1355
945908,fnr,b1334
945909,ydaM,b1341
945910,ydaN,b1342
945911,ydaF,b4527
945912,abgT,b1336
945913,sieB,b1353
945914,ralR,b1348
945915,btuE,b1710
945916,ydcY,b1446
945917,recT,b1349
945918,recE,b1350
945919,yqhG,b3013
945920,racC,b1351
945921,kilR,b1352
945922,ydeO,b1499
945923,ydaS,b1357
945924,ydaT,b1358
945925,ydaU,b1359
945926,ydaV,b1360
945927,ydaW,b1361
945928,rzpR,b1362
945929,rzpD,b0556
945930,pgrR,b1328
945931,prpD,b0334
945932,trkG,b1363
945933,feaB,b1385
945935,ybiO,b0808
945936,ydcX,b1445
945937,malY,b1622
945938,mhpR,b0346
945939,tynA,b1386
945940,paaH,b1395
945941,feaR,b1384
945942,yddG,b1473
945943,ydbL,b1383
945944,insH1,b1370
945945,yddA,b1496
945946,ynbE,b1382
945947,ssuE,b0937
945948,uspF,b1376
945949,ydbH,b1381
945950,abgB,b1337
945951,mppA,b1329
945952,insD1,b1402
945953,smrA,b1340
945954,paaZ,b1387
945956,paaC,b1390
945957,ydeN,b1498
945959,paaD,b1391
945960,ydhT,b1669
945961,yddB,b1495
945962,paaE,b1392
945963,paaK,b1398
945964,ydjA,b1765
945965,paaY,b1400
945966,paaX,b1399
945967,insC1,b1403
945968,insI1,b1404
945969,mpaA,b1326
945970,ynbC,b1410
945971,ycjQ,b1313
945972,ynbB,b1409
945973,ynbA,b1408
945975,yddW,b1491
945976,ydcU,b1442
945977,ycfJ,b1110
945978,cusS,b0570
945979,tehB,b1430
945980,ydbC,b1406
945981,ydeM,b1497
945982,chbC,b1737
945983,ydbD,b1407
945984,napH,b2204
945985,ynbD,b1411
945986,ydcA,b1419
945987,dmsD,b1591
945988,ycjY,b1327
945989,hicA,b4532
945990,yncJ,b1436
945991,ydcJ,b1423
945992,ydfO,b1549
945993,ydcP,b1435
945994,opgD,b1424
945995,trg,b1421
945997,ydcH,b1426
945998,rimL,b1427
945999,narZ,b1468
946000,ydcN,b1434
946001,hicB,b1438
946002,ddpD,b1484
946003,fabH,b1091
946004,ydcR,b1439
946005,ydcS,b1440
946006,yncE,b1452
946007,ydcT,b1441
946008,ydcZ,b1447
946009,malX,b1621
946010,mnaT,b1448
946011,paaF,b1393
946012,curA,b1449
946013,ycjG,b1325
946014,mcbR,b1450
946015,yncD,b1451
946016,yccA,b0970
946017,araB,b0063
946018,aroP,b0112
946019,ansP,b1453
946020,ddpF,b1483
946021,nohQ,b1548
946022,fucK,b2803
946023,yncG,b1454
946024,yncH,b1455
946025,ybjX,b0877
946026,rhsE,b1456
946027,yqcC,b2792
946028,ddpC,b1485
946029,narV,b1465
946030,sra,b1480
946031,maeA,b1479
946032,narW,b1466
946033,ftsB,b2748
946034,narY,b1467
946035,fdnG,b1474
946036,adhP,b1478
946037,metV,b2816
946038,fdnI,b1476
946039,frsA,b0239
946040,yddM,b1477
946041,bdm,b1481
946042,ydeT,b1505
946043,osmC,b1482
946044,ddpB,b1486
946045,kdpA,b0698
946046,arfB,b0191
946047,ydeS,b1504
946048,yebQ,b1828
946049,ydeR,b1503
946050,ydeQ,b1502
946051,ygiW,b3024
946052,ddpA,b1487
946053,tmcA,b2474
946054,gnsB,b1550
946055,ydeP,b1501
946056,ppiD,b0441
946057,gadC,b1492
946058,gadB,b1493
946059,pqqL,b1494
946060,tfaQ,b1546
946061,safA,b1500
946062,tfaR,b1373
946063,yneL,b1506
946064,hipA,b1507
946065,hipB,b1508
946066,idnK,b4268
946067,ydeJ,b1537
946068,ydeI,b1536
946069,lsrK,b1511
946070,lsrR,b1512
946071,lsrF,b1517
946072,leuL,b0075
946073,lsrG,b1518
946074,tam,b1519
946075,dgcZ,b1535
946076,htpX,b1829
946077,ydhC,b1660
946078,ynaE,b1375
946079,yneJ,b1526
946080,yneK,b1527
946081,eamA,b1533
946082,ydfA,b1571
946083,ydeE,b1534
946084,dcp,b1538
946085,ydfG,b1539
946086,msrC,b1832
946087,rspR,b1540
946088,pinQ,b1545
946089,ytjB,b4387
946090,cspF,b1558
946091,cspB,b1557
946092,rclA,b0304
946093,essQ,b1556
946094,flhE,b1878
946095,ydfR,b1555
946096,prc,b1830
946097,ynfN,b1551
946098,stfQ,b1547
946099,cspI,b1552
946100,rrrQ,b1554
946101,rzpQ,b1553
946102,ydfD,b1576
946103,quuQ,b1559
946104,bssS,b1060
946105,lsrC,b1514
946106,copA,b0484
946107,ydfC,b1573
946108,ydfU,b1560
946109,rem,b1561
946110,dicB,b1575
946111,intK,b1567
946112,ydfX,b1568
946113,ydfE,b1577
946114,ygcN,b2766
946115,ycgM,b1180
946116,pyrG,b2780
946117,speG,b1584
946118,insD1,b1578
946119,ynfB,b1583
946120,dicC,b1569
946121,paaJ,b1397
946122,frr,b0172
946123,yfjH,b2623
946124,rhsO,b0703
946125,ynfA,b1582
946126,rspA,b1581
946127,rspB,b1580
946128,sufC,b1682
946129,kdgR,b1827
946130,intQ,b1579
946131,ynfC,b1585
946132,poxB,b0871
946133,ynfD,b1586
946134,rsxD,b1630
946135,ynfE,b1587
946136,ynfL,b1595
946137,rsxC,b1629
946138,ynfM,b1596
946139,mdtJ,b1600
946140,dicF,b1574
946141,topB,b1763
946142,tqsA,b1601
946143,mmuM,b0261
946144,pntB,b1602
946145,yceI,b1056
946146,rsxB,b1628
946147,fumC,b1611
946148,rsxA,b1627
946149,uidA,b1617
946150,uidR,b1618
946151,hdhA,b1619
946152,cnu,b1625
946153,murC,b0091
946154,ydgK,b1626
946155,ycgJ,b1177
946156,lhr,b1653
946157,leuE,b1798
946158,rsxG,b1631
946159,rnt,b1652
946160,intA,b2622
946161,gloA,b1651
946162,pdxY,b1636
946163,insH1,b0552
946164,nemA,b1650
946165,plsX,b1090
946166,nemR,b1649
946167,slyA,b1642
946168,ydhL,b1648
946169,grxD,b1654
946170,valV,b1665
946171,yneG,b1523
946172,ydgA,b1614
946173,sufE,b1679
946174,ldtE,b1678
946175,lpp,b1677
946176,ydfB,b1572
946177,ydhR,b1667
946178,entB,b0595
946179,pykF,b1676
946180,ydhZ,b1675
946181,ydiL,b1689
946182,torR,b0995
946183,ydiK,b1688
946184,marB,b1532
946185,sufS,b1680
946186,hyi,b0508
946187,glsA,b0485
946188,yneE,b1520
946189,ydiJ,b1687
946190,menI,b1686
946191,sapB,b1293
946192,yddH,b1462
946193,ygcE,b2776
946194,ydiH,b1685
946195,fucI,b2802
946196,ydiM,b1690
946197,yafE,b0210
946198,ydiN,b1691
946199,rstA,b1608
946200,ydiB,b1692
946201,lnt,b0657
946202,puuA,b1297
946203,sapD,b1291
946204,trpA,b1260
946205,ydiE,b1705
946206,appA,b0980
946207,ppsR,b1703
946208,ydaY,b1366
946209,ppsA,b1702
946210,aroD,b1693
946211,ydiF,b1694
946212,ydiS,b1699
946213,fadK,b1701
946214,ydiT,b1700
946215,ydcF,b1414
946216,lpxL,b1054
946217,ydiV,b1707
946218,ydiY,b1722
946219,ydiU,b1706
946220,nlpC,b1708
946221,ynjF,b1758
946222,thrS,b1719
946223,pheS,b1714
946224,tpr,b1229
946225,infC,b1718
946226,ycgL,b1179
946227,helD,b0962
946228,yciB,b1254
946229,aroH,b1704
946230,pfkB,b1723
946231,chbG,b1733
946232,ydiZ,b1724
946233,eutG,b2453
946234,katE,b1732
946235,cedA,b1731
946236,yniA,b1725
946237,ydjO,b1730
946238,ydjN,b1729
946239,ynjI,b1762
946240,metC,b3008
946241,dicA,b1570
946242,tsx,b0411
946243,ybdG,b0577
946244,chbA,b1736
946245,ves,b1742
946246,fiu,b0805
946247,chbR,b1735
946248,ydjY,b1751
946249,rlmN,b2517
946250,ydjX,b1750
946251,ygjH,b3074
946252,torC,b0996
946253,spy,b1743
946254,xthA,b1749
946255,astC,b1748
946256,astE,b1744
946257,lptE,b0641
946259,astB,b1745
946260,astD,b1746
946261,astA,b1747
946262,rluA,b0058
946263,paaG,b1394
946264,lsrD,b1515
946265,ygeH,b2852
946266,chbF,b1734
946267,torA,b0997
946268,entS,b0591
946269,ydjZ,b1752
946270,ynjA,b1753
946271,ynjB,b1754
946272,ydjF,b1770
946273,ynjC,b1755
946274,ydjE,b1769
946276,pncA,b1768
946277,nudG,b1759
946278,ansA,b1767
946279,ynjH,b1760
946281,sppA,b1766
946282,nupG,b2964
946283,ydjG,b1771
946284,mmuP,b0260
946285,ydjH,b1772
946286,yafD,b0209
946287,puuP,b1296
946288,cusC,b0572
946289,torT,b0994
946290,yeaJ,b1786
946291,ydjI,b1773
946292,ydjJ,b1774
946293,ydjK,b1775
946294,yoaI,b1788
946295,yccM,b0992
946296,yeaH,b1784
946297,yeaG,b1783
946298,fdrA,b0518
946299,ydjL,b1776
946300,flgA,b1072
946301,mipA,b1782
946302,yeaE,b1781
946303,yeaK,b1787
946304,tsaB,b1807
946305,yoaA,b1808
946306,thiB,b0068
946307,yeaL,b1789
946308,yoaC,b1810
946309,yeaN,b1791
946310,yoaF,b1793
946311,yeaQ,b1795
946312,yeaY,b1806
946313,ompN,b1377
946314,yoaG,b1796
946315,ldhA,b1380
946316,dmlR,b1799
946317,yeaR,b1797
946318,rpmG,b3636
946319,dmlA,b1800
946320,proL,b2189
946321,murG,b0090
946322,ftsW,b0089
946323,potA,b1126
946324,ddlB,b0092
946325,yeaW,b1802
946326,phoQ,b1129
946327,fadD,b1805
946328,rnd,b1804
946329,yeaX,b1803
946330,nudL,b1813
946331,sdaA,b1814
946332,manY,b1818
946333,pepT,b1127
946334,manX,b1817
946335,yoaE,b1816
946336,yoaD,b1815
946337,pabB,b1812
946338,yobF,b1824
946339,cspC,b1823
946340,rlmA,b1822
946341,mntP,b1821
946342,manZ,b1819
946343,yobD,b1820
946344,dsbB,b1185
946345,exbD,b3005
946346,yoaH,b1811
946347,yebV,b1836
946348,rsmF,b1835
946349,rpmI,b1717
946350,yebO,b1825
946351,mgrB,b1826
946352,yebT,b1834
946353,yebS,b1833
946354,yebW,b1837
946355,yebE,b1846
946356,pphA,b1838
946357,yoaB,b1809
946358,ptrB,b1845
946359,umuC,b1184
946360,pagP,b0622
946361,exoX,b1844
946362,edd,b1851
946363,yebF,b1847
946364,yebG,b1848
946365,ycgB,b1188
946366,yeaI,b1785
946367,eda,b1850
946368,purT,b1849
946369,ruvA,b1861
946370,zwf,b1852
946371,ruvB,b1860
946372,znuB,b1859
946373,yebK,b1853
946374,znuC,b1858
946375,znuA,b1857
946376,mepM,b1856
946377,yebB,b1862
946378,ruvC,b1863
946379,yebC,b1864
946380,cmoA,b1870
946381,yecN,b1869
946382,yecE,b1868
946383,nudB,b1865
946384,yecD,b1867
946385,aspS,b1866
946386,yecR,b1904
946387,cmoB,b1871
946388,yecJ,b4537
946389,torZ,b1872
946390,flhA,b1879
946391,flhB,b1880
946392,cheZ,b1881
946393,cheY,b1882
946394,cheB,b1883
946395,citG,b0613
946396,cheR,b1884
946397,tap,b1885
946398,pgl,b0767
946399,tar,b1886
946400,cheW,b1887
946401,cheA,b1888
946402,motB,b1889
946403,insD1,b1996
946404,uspC,b1895
946405,otsA,b1896
946406,otsB,b1897
946407,ftnB,b1902
946408,araG,b1900
946409,araF,b1901
946410,ftnA,b1905
946411,yecH,b1906
946412,tyrP,b1907
946413,ygcQ,b2769
946414,cysT,b1910
946415,yecM,b1875
946416,glyW,b1911
946417,ybeX,b0658
946418,yfcS,b2336
946419,yfdN,b2357
946420,yecF,b1915
946421,sdiA,b1916
946422,yecC,b1917
946423,fliN,b1946
946424,uvrY,b1914
946425,proB,b0242
946426,yfdS,b2362
946427,fecA,b4291
946428,fliD,b1924
946429,fliS,b1925
946430,ybeY,b0659
946431,ghrA,b1033
946432,yfdE,b2371
946433,fliT,b1926
946434,amyA,b1927
946435,yedK,b1931
946436,ydgD,b1598
946437,yedL,b1932
946438,ampG,b0433
946441,dnaQ,b0215
946442,fliM,b1945
946443,fliL,b1944
946445,intG,b1936
946446,fliE,b1937
946447,ygiD,b3039
946448,fliF,b1938
946449,fliK,b1943
946450,ygiZ,b3027
946451,fliG,b1939
946452,argS,b1876
946453,ribE,b0415
946454,fliJ,b1942
946455,insC1,b1997
946456,fliH,b1940
946457,fliI,b1941
946458,fliO,b1947
946459,thiD,b2103
946460,yiaC,b3550
946461,yedA,b1959
946462,fliP,b1948
946463,fliQ,b1949
946464,fliR,b1950
946465,yedI,b1958
946466,yodC,b1957
946467,rcsA,b1951
946468,dsrB,b1952
946469,yodD,b1953
946470,dsrA,b1954
946471,yedQ,b1956
946472,yedP,b1955
946476,vsr,b1960
946477,yedR,b1963
946478,yedJ,b1962
946479,dcm,b1961
946480,zinT,b1973
946481,hchA,b1967
946482,ydiQ,b1697
946483,yedZ,b1972
946484,yedY,b1971
946485,hiuH,b1970
946486,yedW,b1969
946487,yedV,b1968
946488,asnT,b1977
946489,mtfA,b1976
946490,torY,b1873
946491,yodB,b1974
946492,serU,b1975
946493,yeeN,b1983
946494,asnW,b1984
946495,shiA,b1981
946498,yeeJ,b1978
946499,ydhJ,b1644
946500,efeB,b1019
946501,nac,b1988
946502,cbl,b1987
946503,asnU,b1986
946504,sxy,b0959
946505,ynjE,b1757
946506,yeeO,b1985
946507,insH1,b1994
946508,amn,b1982
946509,asnV,b1989
946510,cbeA,b2004
946511,yecT,b1877
946512,yeeR,b2001
946513,yeeT,b2003
946514,yeeS,b2002
946515,hisI,b2026
946516,hisF,b2025
946517,cobT,b1991
946518,dacD,b2010
946519,cobU,b1993
946520,cobS,b1992
946521,hisA,b2024
946524,yeeP,b1999
946525,hslJ,b1379
946526,yeeE,b2013
946527,pykA,b1854
946528,ydhK,b1645
946529,sbcB,b2011
946530,ivy,b0220
946531,hisD,b2020
946532,yeeY,b2015
946533,plaP,b2014
946534,cbtA,b2005
946535,yeeW,b2006
946536,yadE,b0130
946537,ybgQ,b0718
946538,yeeZ,b2016
946539,yeeD,b2012
946540,flu,b2000
946541,yeeX,b2007
946542,yefM,b2017
946543,wcaE,b2055
946544,hisH,b2023
946545,yeeA,b2008
946546,sbmC,b2009
946547,hisL,b2018
946548,cynT,b0339
946549,hisG,b2019
946550,wcaD,b2056
946551,hisC,b2021
946552,hisB,b2022
946553,wzzB,b2027
946554,gnd,b2029
946555,wbbK,b2032
946556,wbbJ,b2033
946557,wzxB,b2037
946558,wza,b2062
946559,wcaH,b2051
946560,wcaN,b2042
946561,wcaM,b2043
946562,gmd,b2053
946563,wcaG,b2052
946564,wzb,b2061
946565,wcaL,b2044
946566,yegH,b2063
946567,wzc,b2060
946568,murR,b2427
946569,wcaK,b2045
946570,wcaA,b2059
946571,ugd,b2028
946572,yeaD,b1780
946573,wcaB,b2058
946574,cpsG,b2048
946575,dcuD,b3227
946576,ybaL,b0478
946577,insH1,b2030
946578,wcaF,b2054
946579,wcaC,b2057
946580,cpsB,b2049
946581,wzxC,b2046
946582,asmA,b2064
946583,wcaJ,b2047
946584,gsk,b0477
946585,yafV,b0219
946586,rutD,b1009
946587,pfo,b1378
946588,wcaI,b2050
946589,rutG,b1006
946590,yeaM,b1790
946591,rutE,b1008
946592,hcp,b0873
946593,dcd,b2065
946594,rutF,b1007
946595,yfaL,b2233
946596,argY,b2693
946597,udk,b2066
946598,gatD,b2091
946600,yegE,b2067
946601,iceT,b2077
946602,yegL,b2073
946603,gatC,b2092
946604,mdtA,b2074
946605,baeR,b2079
946606,mdtB,b2075
946607,ubiG,b2232
946608,mdtC,b2076
946609,yegQ,b2081
946610,gatB,b2093
946611,baeS,b2078
946612,nrdA,b2234
946613,yegR,b2085
946614,gyrA,b2231
946615,yehE,b2112
946616,insE1,b2088
946617,yehB,b2109
946618,yfaA,b2230
946619,yehD,b2111
946620,yfcO,b2332
946621,yehC,b2110
946622,yfaT,b2229
946623,ccmH,b2194
946624,hpt,b0125
946625,tolA,b0739
946626,yegS,b2086
946627,mrp,b2113
946628,pntA,b1603
946629,insF1,b2089
946630,yegU,b2099
946631,ecpE,b0289
946632,fbaB,b2097
946633,gatA,b2094
946634,yciA,b1253
946636,gatY,b2096
946637,yegV,b2100
946638,yegT,b2098
946639,yegW,b2101
946640,yeiI,b2160
946641,gatZ,b2095
946642,yehA,b2108
946643,metG,b2114
946644,yafU,b0218
946646,rihB,b2162
946647,pabC,b1096
946648,pncB,b0931
946649,yehI,b2118
946651,yehM,b2120
946652,yehP,b2121
946653,dld,b2133
946654,yehQ,b2122
946655,nupX,b2161
946656,yehL,b2119
946657,yeiE,b2157
946659,yehX,b2129
946660,yehY,b2130
946661,yohD,b2136
946662,pbpG,b2134
946663,cdd,b2143
946664,psuK,b2166
946665,fabF,b1095
946666,yohC,b2135
946667,lysP,b2156
946668,yeiH,b2158
946669,nfo,b2159
946670,yeiL,b2163
946671,psuT,b2164
946672,fruA,b2167
946673,setB,b2170
946674,yeiP,b2171
946675,yejA,b2177
946676,fruK,b2168
946677,fruB,b2169
946678,ampE,b0111
946679,yejB,b2178
946680,proA,b0243
946681,osmF,b2131
946682,bglX,b2132
946683,yejE,b2179
946684,flgM,b1071
946685,yejM,b2188
946686,mepS,b2175
946687,flgC,b1074
946688,yeiQ,b2172
946689,yejF,b2180
946690,yejK,b2186
946691,rlmI,b0967
946692,ccmB,b2200
946693,lpxT,b2174
946694,yejL,b2187
946695,rtn,b2176
946697,ccmE,b2197
946698,napB,b2203
946699,psuG,b2165
946700,eco,b2209
946701,yeiR,b2173
946702,mqo,b2210
946703,ccmC,b2199
946704,glpT,b2240
946705,yojI,b2211
946706,napC,b2202
946707,yqfE,b2915
946708,alkB,b2212
946709,ccmD,b2198
946710,ada,b2213
946711,apbE,b2214
946712,menF,b2265
946713,glpA,b2241
946714,ccmA,b2201
946715,clcA,b0155
946716,ompC,b2215
946717,rcsD,b2216
946718,yfaH,b2238
946719,atoA,b2222
946720,menD,b2264
946721,atoE,b2223
946722,ymfE,b1138
946723,ypdA,b2380
946724,acnA,b1276
946725,glpQ,b2239
946726,ykfI,b0245
946727,atoB,b2224
946728,yfaP,b2225
946729,yfaE,b2236
946730,yfaQ,b2226
946731,inaA,b2237
946732,nrdB,b2235
946733,glpB,b2242
946734,menC,b2261
946735,glpC,b2243
946736,menH,b2263
946737,yfaD,b2244
946738,nuoB,b2287
946739,yfaZ,b2250
946740,nudI,b2251
946741,menE,b2260
946742,elaD,b2269
946743,yfbK,b2270
946744,kdpD,b0695
946745,yfbM,b2272
946746,nuoE,b2285
946747,menB,b2262
946748,yfbN,b2273
946749,yfcF,b2301
946750,elaA,b2267
946751,elaB,b2266
946752,yfbO,b2274
946753,nuoF,b2284
946754,yfbP,b2275
946755,yfcE,b2300
946756,nuoJ,b2280
946757,nuoI,b2281
946758,alpA,b2624
946759,nuoC,b2286
946760,rbn,b2268
946761,nuoH,b2282
946762,nuoG,b2283
946763,yfcG,b2302
946764,nuoA,b2288
946765,mutM,b3635
946766,yfbS,b2292
946767,yfbU,b2294
946768,selD,b1764
946769,lrhA,b2289
946770,cynX,b0341
946771,yfbR,b2291
946772,alaA,b2290
946773,elfD,b0939
946774,yfbV,b2295
946775,ackA,b2296
946776,flk,b2321
946777,yfbT,b2293
946778,pta,b2297
946779,yfcQ,b2334
946780,yfcC,b2298
946781,folX,b2303
946782,nlpE,b0192
946783,yfcD,b2299
946784,yfcH,b2304
946785,pdxB,b2320
946786,nmpC,b0553
946787,yfcI,b2305
946788,yfcP,b2333
946789,hisP,b2306
946790,hisM,b2307
946791,yfcJ,b2322
946792,ndh,b1109
946793,truA,b2318
946794,purF,b2312
946795,uxuB,b4323
946796,accD,b2316
946797,usg,b2319
946798,dedA,b2317
946799,fabB,b2323
946800,mnmC,b2324
946801,slyB,b1641
946802,gdhA,b1761
946803,ylbG,b0502
946804,yfcL,b2325
946805,prmB,b2330
946806,pdxH,b1638
946807,epmC,b2326
946808,yfcA,b2327
946809,yaeQ,b0190
946810,anmK,b1640
946811,mliC,b1639
946812,mepA,b2328
946813,napF,b2208
946814,aroC,b2329
946815,sixA,b2340
946816,fecD,b4288
946817,valX,b2402
946818,yfcR,b2335
946819,yfdF,b2345
946820,fadL,b2344
946821,intS,b2349
946822,gtrS,b2352
946823,ygeF,b2850
946824,valU,b2401
946825,tfaS,b2353
946826,fumA,b1612
946827,yfdQ,b2360
946828,ypfG,b2466
946829,yjhG,b4297
946830,sgcR,b4300
946831,dcyD,b1919
946832,yqhH,b3014
946833,fliZ,b1921
946834,yfdR,b2361
946835,emrY,b2367
946836,yfdT,b2363
946837,dsdA,b2366
946838,fecB,b4290
946839,fecI,b4293
946840,emrK,b2368
946841,evgA,b2369
946842,frc,b2374
946843,nanC,b4311
946844,evgS,b2370
946845,oxc,b2373
946846,ykfB,b0250
946847,lpxP,b2378
946848,ypdE,b2384
946849,sgcC,b4304
946850,alaC,b2379
946851,yjhP,b4306
946852,fryA,b2383
946853,ypdF,b2385
946854,yfeO,b2389
946855,ypeC,b2390
946856,ypdC,b2382
946857,yfeC,b2398
946858,glk,b2388
946859,alaX,b2396
946860,alaW,b2397
946861,yggD,b2929
946862,xapR,b2405
946864,yfeA,b2395
946865,yfeD,b2399
946866,lysV,b2404
946867,yejO,b2190
946868,xapB,b2406
946869,zipA,b2412
946870,valY,b2403
946871,yciE,b1257
946872,yfeN,b2408
946873,yfeR,b2409
946874,yfeH,b2410
946875,cysZ,b2413
946876,yfeK,b2419
946877,cysK,b2414
946878,xapA,b2407
946879,ptsI,b2416
946880,crr,b2417
946881,pdxK,b2418
946882,cysU,b2424
946883,cysP,b2425
946884,sbmA,b0377
946885,ligA,b2411
946886,ptsH,b2415
946887,yfeS,b2420
946888,cysM,b2421
946889,cysA,b2422
946890,fhuB,b0153
946891,prpE,b0335
946892,hemL,b0154
946893,murQ,b2428
946894,murP,b2429
946895,nupC,b2393
946896,insL1,b2394
946897,cyoC,b0430
946898,ucpA,b2426
946899,mntH,b2392
946900,insE1,b0373
946902,yaiV,b0375
946903,yajO,b0419
946904,ampH,b0376
946905,fucR,b2805
946906,gltX,b2400
946907,yfeW,b2430
946908,hemF,b2436
946909,yedF,b1930
946910,rimJ,b1066
946911,eutR,b2437
946912,eutK,b2438
946913,yfeX,b2431
946914,eutL,b2439
946915,bisC,b3551
946916,amiA,b2435
946917,ypeA,b2434
946918,yfeZ,b2433
946919,yfeY,b2432
946920,mdtH,b1065
946921,yffM,b2444
946922,yffL,b2443
946923,intZ,b2442
946924,eutB,b2441
946925,eutC,b2440
946926,grxB,b1064
946927,yffQ,b2448
946928,yffP,b2447
946929,yffO,b2446
946930,yffN,b2445
946931,yffR,b2449
946932,yffS,b2450
946933,eutP,b2461
946934,elfC,b0940
946935,eutQ,b2460
946936,eutS,b2462
946937,eutA,b2451
946938,gltI,b0655
946939,eutT,b2459
946940,eutD,b2458
946941,rpmB,b3637
946942,eutM,b2457
946943,eutE,b2455
946944,opgC,b1047
946945,eutN,b2456
946946,nadE,b1740
946947,maeB,b2463
946948,narQ,b2469
946949,bcp,b2480
946950,gcvR,b2479
946951,ymcE,b0991
946952,dapA,b2478
946953,yffB,b2471
946954,bamC,b2477
946955,rnhA,b0214
946956,ypfJ,b2475
946957,purC,b2476
946958,ydcD,b1457
946959,hyfA,b2481
946960,ydhF,b1647
946961,hyfB,b2482
946962,hyfF,b2486
946963,pliG,b1178
946964,hyfG,b2487
946965,hyfH,b2488
946966,hyfI,b2489
946967,yaiS,b0364
946968,yfgF,b2503
946969,cysS,b0526
946970,ppx,b2502
946971,ppk,b2501
946972,pqiC,b0952
946973,purN,b2500
946974,yfgD,b2495
946975,purM,b2499
946976,intR,b1345
946977,hda,b2496
946978,uraA,b2497
946979,upp,b2498
946980,yfgG,b2504
946981,yfgM,b2513
946982,bamB,b2512
946983,der,b2511
946984,yfgJ,b2510
946985,guaB,b2508
946986,ygeG,b2851
946987,ymdB,b1045
946988,xseA,b2509
946989,hisS,b2514
946990,fetA,b0490
946991,ispG,b2515
946992,rodZ,b2516
946993,sseA,b2521
946994,sseB,b2522
946995,hscB,b2527
946996,flgH,b1079
946997,hcaF,b2539
946998,hcaE,b2538
946999,iscA,b2528
947000,hcaR,b2537
947001,yccS,b0960
947002,iscU,b2529
947003,puuC,b1300
947004,iscS,b2530
947005,phr,b0708
947006,talA,b2464
947007,hcaT,b2536
947008,citB,b0620
947009,csiE,b2535
947010,yfhG,b2555
947011,nlpD,b2742
947012,ygeX,b2871
947013,glrK,b2556
947014,yebY,b1839
947015,hcaC,b2540
947016,glnB,b2553
947017,yphB,b2544
947018,hmp,b2552
947019,yphC,b2545
947020,yphF,b2548
947021,yphG,b2549
947022,glyA,b2551
947023,yphH,b2550
947024,cspE,b0623
947025,yghD,b2968
947026,pgpC,b2560
947027,tadA,b2559
947028,mltF,b2558
947029,bepA,b2494
947030,yfhH,b2561
947031,yfhL,b2562
947032,purL,b2557
947033,rnc,b2567
947034,queC,b0444
947035,zupT,b3040
947036,era,b2566
947037,acpS,b2563
947038,recO,b2565
947039,pdxJ,b2564
947040,lepB,b2568
947041,wbbI,b2034
947042,glrR,b2554
947043,bolA,b0435
947044,yaeH,b0163
947045,rhtA,b0813
947047,trmN,b2575
947048,hycF,b2720
947049,nadB,b2574
947050,rpoE,b2573
947051,lepA,b2569
947052,rseC,b2570
947053,rseA,b2572
947054,rseB,b2571
947055,srmB,b2576
947056,pka,b2584
947057,yfiP,b2583
947058,yciH,b1282
947059,pssA,b2585
947060,yfiM,b2586
947062,trxC,b2582
947063,mnmH,b0503
947064,yfiE,b2577
947065,eamB,b2578
947066,yfiF,b2581
947067,ung,b2580
947068,grcA,b2579
947069,kgtP,b2587
947070,rrfG,b2588
947071,rrsG,b2591
947072,nudK,b2467
947073,afuB,b0263
947074,yeaC,b1777
947075,ybfL,b0705
947076,gltW,b2590
947077,clpB,b2592
947078,yebZ,b1840
947079,sfmZ,b0535
947080,pheL,b2598
947081,pheA,b2599
947082,uxuA,b4322
947083,ybaK,b0481
947084,aroF,b2601
947086,bamD,b2595
947087,rluD,b2594
947088,norW,b2711
947089,yfiH,b2593
947090,yfiR,b2603
947091,yfiN,b2604
947092,nadK,b2615
947093,napA,b2206
947094,yfiB,b2605
947095,yegP,b2080
947096,rplS,b2606
947097,grpE,b2614
947098,ypjD,b2611
947099,trmD,b2607
947101,rimM,b2608
947102,ffh,b2610
947103,rpsP,b2609
947104,malI,b1620
947105,recN,b2616
947106,yfiL,b2602
947107,rnlA,b2630
947108,yfjM,b2629
947109,idnO,b4266
947110,yfjL,b2628
947111,yfjK,b2627
947112,yfjJ,b2626
947113,rnlB,b2631
947114,rcnR,b2105
947115,tyrA,b2600
947116,xdhA,b2866
947117,rfbD,b2040
947119,ybbN,b0492
947120,patA,b3073
947121,pyrF,b1281
947122,nth,b1633
947123,yfjZ,b2645
947124,yfjP,b2632
947125,yfjY,b2644
947126,yfjX,b2643
947127,yfjQ,b2633
947128,yfjW,b2642
947129,raiA,b2597
947130,stpA,b2669
947131,ypjF,b2646
947132,marC,b1529
947133,yciF,b1258
947134,yahE,b0319
947135,ygaP,b2668
947136,ygaV,b2667
947137,tag,b3549
947138,yqaE,b2666
947139,degP,b0161
947140,ygiS,b3020
947142,ybjE,b0874
947143,trmA,b3965
947144,ygaU,b2665
947145,proW,b2678
947147,alaE,b2670
947148,proV,b2677
947149,nrdF,b2676
947150,argQ,b2691
947151,yqcA,b2790
947152,pbpC,b2519
947153,dbpA,b1343
947154,ascF,b2715
947155,nrdE,b2675
947156,ygaC,b2671
947157,ygaM,b2672
947158,nrdI,b2674
947159,yegI,b2070
947160,fdx,b2525
947161,nrdH,b2673
947162,intD,b0537
947163,ileY,b2652
947164,ydgJ,b1624
947165,proX,b2679
947166,emrA,b2685
947167,emrB,b2686
947168,luxS,b2687
947169,pncC,b2700
947170,recA,b2699
947171,argZ,b2692
947172,recX,b2698
947173,serV,b2695
947174,qseC,b3026
947175,alaS,b2697
947176,csrA,b2696
947177,dgt,b0160
947178,hslO,b3401
947179,clcB,b1592
947180,ydhW,b1672
947181,fhlA,b2731
947182,hypE,b2730
947183,ybdJ,b0580
947184,mltB,b2701
947185,elfG,b0941
947186,norR,b2709
947187,ygbA,b2732
947188,msrB,b1778
947189,hypD,b2729
947190,hydN,b2713
947191,hycG,b2719
947192,hypC,b2728
947193,hycA,b2725
947194,hypB,b2727
947195,hypA,b2726
947196,pphB,b2734
947197,ygbL,b2738
947198,metZ,b2814
947199,ygbK,b2737
947200,ygbJ,b2736
947201,yegJ,b2071
947202,thrW,b0244
947203,uvrC,b1913
947204,ygbI,b2735
947205,xdhB,b2867
947206,mutS,b2733
947207,ygbM,b2739
947208,ygbN,b2740
947209,argV,b2694
947210,rpoS,b2741
947211,umpG,b2744
947212,pheM,b1715
947213,ygbF,b2754
947214,truD,b2745
947215,iap,b2753
947216,ssuC,b0934
947217,cysD,b2752
947218,ydeA,b1528
947219,cysN,b2751
947220,ssuB,b0933
947221,cysC,b2750
947222,casA,b2760
947223,casB,b2759
947224,casC,b2758
947225,casD,b2757
947226,casE,b2756
947227,ybgF,b0742
947228,ygbT,b2755
947229,ygcB,b2761
947230,cysH,b2762
947231,cysI,b2763
947232,ygcW,b2774
947233,yajI,b0412
947234,yegD,b2069
947235,hisQ,b2308
947238,ygcS,b2771
947239,cysJ,b2764
947240,ygcR,b2770
947241,cybB,b1418
947242,truC,b2791
947243,rlmD,b2785
947244,relA,b2784
947245,mazE,b2783
947246,ybdK,b0581
947247,ydcO,b1433
947248,yqcE,b2775
947249,ygiC,b3038
947250,pinH,b2648
947251,nhoA,b1463
947252,mazF,b2782
947253,pepN,b0932
947254,mazG,b2781
947255,barA,b2786
947256,ygdG,b2798
947257,qmcA,b0489
947258,gudD,b2787
947259,glcA,b2975
947260,rlmC,b0859
947261,gudX,b2788
947262,sdaB,b2797
947263,wrbA,b1004
947264,sdaC,b2796
947265,gudP,b2789
947266,ygdH,b2795
947267,ilvH,b0078
947268,ygbE,b2749
947269,yegK,b2072
947270,queF,b2794
947271,syd,b2793
947272,envZ,b3404
947273,fucO,b2799
947274,csdE,b2811
947275,csdA,b2810
947276,ygdI,b2809
947278,gcvA,b2808
947279,ygdD,b2807
947280,flhC,b1891
947282,fucA,b2800
947283,rlmM,b2806
947284,ptrA,b2821
947285,suhB,b2533
947286,recB,b2820
947287,recD,b2819
947288,ybfC,b0704
947289,argA,b2818
947290,hyfD,b2484
947291,tcdA,b2812
947292,metW,b2815
947293,amiC,b2817
947294,recC,b2822
947295,ygdQ,b2832
947296,smpB,b2620
947297,arnT,b2257
947298,yahF,b0320
947299,mutH,b2831
947300,rppH,b2830
947301,ptsP,b2829
947302,yfhM,b2520
947303,lgt,b2828
947304,ygdR,b2833
947305,ascG,b2714
947306,tas,b2834
947308,ydhX,b1671
947309,yfjR,b2634
947310,yghR,b2984
947311,lysR,b2839
947312,yddK,b1471
947313,lysA,b2838
947314,galR,b2837
947315,aas,b2836
947316,fixA,b0041
947317,lplT,b2835
947318,pcnB,b0143
947319,kduI,b2843
947320,ygeV,b2869
947321,clsC,b1046
947322,macA,b0878
947323,kduD,b2842
947324,yqeF,b2844
947325,ygeO,b2859
947326,yeaV,b1801
947327,yqeI,b2847
947328,yqeJ,b2848
947329,yqeK,b2849
947331,ushA,b0480
947332,ygeK,b2856
947333,mdtI,b1599
947334,guaA,b2507
947335,sulA,b0958
947336,ygeI,b2853
947337,yahC,b0317
947338,pbl,b2854
947340,ydhP,b1657
947341,araE,b2841
947343,glyU,b2864
947344,ygeQ,b2863
947346,insD1,b2860
947347,insC1,b2861
947348,ygeA,b2840
947349,ecpD,b0290
947350,yqeC,b2876
947351,intF,b0281
947352,ygeR,b2865
947353,glcD,b2979
947354,gltK,b0653
947355,yaiZ,b0380
947356,mocA,b2877
947357,yqeB,b2875
947358,yqeA,b2874
947359,hyuA,b2873
947360,ygeY,b2872
947361,fldB,b2895
947362,xerD,b2894
947363,dsbC,b2893
947364,ispB,b3187
947365,yphA,b2543
947366,guaD,b2883
947367,recJ,b2892
947368,dtpD,b0709
947369,prfB,b2891
947371,alkA,b2068
947372,lysS,b2890
947373,ygfF,b2902
947374,prfH,b0236
947375,arnB,b2253
947376,betB,b0312
947377,yceB,b1063
947378,bglA,b2901
947379,cptA,b2896
947380,yqfB,b2900
947381,yqfA,b2899
947382,sdhE,b2897
947383,aegA,b2468
947384,ygfZ,b2898
947385,pepP,b2908
947386,coaD,b3634
947387,thiL,b0417
947388,ubiH,b2907
947389,ubiI,b2906
947390,gcvT,b2905
947391,csgB,b1041
947392,flxA,b1566
947393,gcvH,b2904
947394,gcvP,b2903
947395,ypdB,b2381
947396,hycE,b2721
947397,yadI,b0129
947398,yggE,b2922
947399,ydaQ,b1346
947400,ygfB,b2909
947401,ygfI,b2921
947402,scpC,b2920
947403,oweS,b2358
947404,zapA,b2910
947405,ssrS,b2911
947407,rpiA,b2914
947408,scpB,b2919
947409,etk,b0981
947410,yggF,b2930
947412,argK,b2918
947413,epd,b2927
947414,pgk,b2926
947415,fbaA,b2925
947416,mscS,b2924
947417,ynaK,b1365
947418,argO,b2923
947419,yggC,b2928
947420,tktA,b2935
947421,yggT,b2952
947422,yneF,b1522
947423,yggS,b2951
947424,yggU,b2953
947425,ycfQ,b1111
947426,entE,b0594
947427,ycjR,b1314
947428,hycI,b2717
947429,rdgB,b2954
947430,yggR,b2950
947432,speA,b2938
947433,yqgB,b2939
947434,galP,b2943
947435,ydcC,b1460
947436,dtpA,b1634
947437,nrdR,b0413
947438,hycH,b2718
947439,yqgF,b2949
947440,sad,b1525
947441,rcsB,b2217
947442,yqgE,b2948
947443,yggI,b2944
947444,atoC,b2220
947445,gshB,b2947
947446,yggW,b2955
947447,mutY,b2961
947448,trmI,b2960
947449,yggL,b2959
947450,kdpB,b0697
947451,ydfK,b1544
947452,ybfA,b0699
947453,yggN,b2958
947454,ansB,b2957
947455,yggM,b2956
947456,flgJ,b1081
947457,speC,b2965
947459,yahA,b0315
947460,ascB,b2716
947461,yggX,b2962
947462,yqgA,b2966
947463,pheV,b2967
947465,leuA,b0074
947466,glcC,b2980
947467,pppA,b2972
947468,yccE,b1001
947469,yghF,b2970
947470,yghG,b2971
947471,holE,b1842
947472,yghU,b2989
947473,glcG,b2977
947474,gss,b2988
947475,pitB,b2987
947476,yghS,b2985
947477,yghT,b2986
947478,yghA,b3003
947479,yqhA,b3002
947480,gpr,b3001
947481,hofB,b0107
947482,rfbC,b2038
947483,hybE,b2992
947484,uidB,b1616
947485,yghW,b2998
947487,fucP,b2801
947488,yqiA,b3031
947489,yciG,b1259
947490,yghB,b3009
947491,yqhC,b3010
947492,hyfC,b2483
947493,yqhD,b3011
947494,tdcA,b3118
947495,dkgA,b3012
947496,plsC,b3018
947497,leuS,b0642
947498,thrB,b0003
947499,parC,b3019
947500,mqsR,b3022
947501,parE,b3030
947502,ybiX,b0804
947503,pgaD,b1021
947504,ydaC,b1347
947505,leuU,b3174
947506,ygiN,b3029
947507,yafC,b0208
947508,kdpC,b0696
947509,rsxE,b1632
947510,fhuD,b0152
947511,araA,b0062
947512,mdaB,b3028
947513,ykgH,b0310
947514,aes,b0476
947515,cpdA,b3032
947516,insH1,b2982
947517,insD1,b3045
947518,yqiB,b3033
947519,nudF,b3034
947520,insC1,b3044
947521,tolC,b3035
947522,ygiL,b3043
947523,mcbA,b0806
947524,yqiC,b3042
947525,atoD,b2221
947526,ribB,b3041
947527,queE,b2777
947528,prpC,b0333
947529,yqiG,b3046
947530,yqiJ,b3050
947531,yqiH,b3047
947532,hemH,b0475
947533,glgS,b3049
947534,flgI,b1080
947535,yqiI,b3048
947536,ygcP,b2768
947537,yqiK,b3051
947538,fepB,b0592
947539,rrrD,b0555
947540,ahpF,b0606
947541,aspV,b0216
947542,pgpA,b0418
947543,tmpR,b1368
947544,folB,b3058
947545,essD,b0554
947546,rnk,b0610
947547,cbdB,b0979
947548,hldE,b3052
947549,relE,b1563
947550,ybgO,b0716
947551,bacA,b3057
947552,glnE,b3053
947553,cca,b3056
947554,ygiF,b3054
947555,ygiM,b3055
947557,yhaC,b3121
947558,ileX,b3069
947559,ydhI,b1643
947560,mug,b3068
947561,plsY,b3059
947562,ttdR,b3060
947563,yfjV,b2641
947564,motA,b1890
947565,ttdA,b3061
947566,ybfB,b0702
947567,rpoD,b3067
947568,ttdB,b3062
947569,azoR,b1412
947570,dnaG,b3066
947571,ypfH,b2473
947572,cbpA,b1000
947573,holA,b0640
947574,btuF,b0158
947575,srlA,b2702
947576,ttdT,b3063
947577,rpsU,b3065
947578,tsaD,b3064
947579,ygjI,b3078
947580,nuoK,b2279
947581,ebgC,b3077
947582,yqjH,b3070
947583,ebgA,b3076
947584,yqjI,b3071
947585,rrlG,b2589
947586,ebgR,b3075
947587,srlQ,b2708
947588,eutJ,b2454
947589,rlmG,b3084
947590,argG,b3172
947591,higB,b3083
947592,bluF,b1163
947593,higA,b3082
947594,fadH,b3081
947595,paaB,b1389
947596,ygjK,b3080
947597,ygjJ,b3079
947598,ygjQ,b3086
947599,uxaC,b3092
947600,ygjR,b3087
947601,exuT,b3093
947602,exuR,b3094
947603,uxaA,b3091
947604,ygjV,b3090
947605,sstT,b3089
947606,ecpC,b0291
947607,alx,b3088
947608,yqjF,b3101
947609,ycgR,b1194
947610,yqjK,b3100
947611,yqjE,b3099
947612,yhaI,b3104
947613,marA,b1531
947614,yqjD,b3098
947615,yqjG,b3102
947616,yfjT,b2637
947617,yhaH,b3103
947618,yhaL,b3107
947619,mzrA,b3096
947620,yhaK,b3106
947621,yhaJ,b3105
947622,yqjC,b3097
947623,tdcE,b3114
947624,tdcF,b3113
947628,yhaO,b3110
947629,tdcC,b3116
947630,garL,b3126
947631,garR,b3125
947632,garK,b3124
947633,tdcB,b3117
947634,rnpB,b3123
947635,tdcD,b3115
947636,agaR,b3131
947637,kbaZ,b3132
947638,yhaV,b3130
947639,prlF,b3129
947640,ypjC,b2650
947641,garD,b3128
947642,garP,b3127
947643,yqjA,b3095
947644,kbaY,b3137
947645,agaS,b3136
947646,agaA,b3135
947647,agaW,b3134
947648,agaV,b3133
947649,agaD,b3140
947650,ygjP,b3085
947651,yhgE,b3402
947652,agaC,b3139
947653,agaB,b3138
947654,yraK,b3145
947655,mreC,b3250
947656,yraJ,b3144
947657,yraI,b3143
947658,yraH,b3142
947659,yraP,b3150
947660,hcr,b0872
947661,diaA,b3149
947662,yraN,b3148
947663,lpoA,b3147
947664,rsmI,b3146
947665,yhbP,b3154
947666,yhbO,b3153
947667,yraR,b3152
947668,yraQ,b3151
947669,yhbT,b3157
947670,yhbS,b3156
947671,yhbQ,b3155
947672,pnp,b3164
947673,nlpI,b3163
947674,deaD,b3162
947675,mtr,b3161
947676,afuC,b0262
947677,yhbW,b3160
947678,metY,b3171
947679,gapA,b1779
947680,rimP,b3170
947681,yahD,b0318
947682,nusA,b3169
947683,arnA,b2255
947684,infB,b3168
947685,rbfA,b3167
947686,rpsO,b3165
947687,truB,b3166
947688,yhbY,b3180
947689,rlmE,b3179
947690,ftsH,b3178
947691,folP,b3177
947692,glmM,b3176
947693,dacB,b3182
947694,obgE,b3183
947695,yhdJ,b3262
947696,greA,b3181
947697,fis,b3261
947698,insB1,b0264
947699,yhbE,b3184
947700,yhdU,b3263
947701,yghO,b2981
947702,csrD,b3252
947703,murA,b3189
947704,acrS,b3264
947705,yhaB,b3120
947706,acrE,b3265
947707,dusB,b3260
947708,prmA,b3259
947709,iraP,b0382
947710,mlaC,b3192
947711,yhbX,b3173
947712,mlaD,b3193
947713,hyfJ,b2490
947714,rpoN,b3202
947715,speB,b2937
947716,yghQ,b2983
947717,kdsC,b3198
947718,hpf,b3203
947719,speD,b0120
947720,secG,b3175
947721,ptsN,b3204
947722,lptC,b3199
947723,gltD,b3213
947724,gltB,b3212
947725,lptB,b3201
947726,speE,b0121
947727,yhbJ,b3205
947728,mtgA,b3208
947729,mlaF,b3195
947730,yrbG,b3196
947731,nuoM,b2277
947732,mlaE,b3194
947733,yhcC,b3211
947734,kdsD,b3197
947735,yhcF,b3219
947736,cueO,b0123
947738,yhcD,b3216
947739,yhcG,b3220
947740,nanT,b3224
947741,yhcA,b3215
947742,nanA,b3225
947743,insH1,b3218
947744,rng,b3247
947745,nanE,b3223
947746,gltF,b3214
947747,aaeB,b3240
947748,aaeA,b3241
947749,tldD,b3244
947750,yhcH,b3221
947751,aaeX,b3242
947752,panF,b3258
947753,yhdE,b3248
947754,cyaY,b3807
947755,cyaA,b3806
947756,mreD,b3249
947757,nanK,b3222
947758,accB,b3255
947759,hemC,b3805
947760,aaeR,b3243
947761,accC,b3256
947762,yhdT,b3257
947763,yhdZ,b3271
947764,yhdY,b3270
947765,yhdX,b3269
947766,yhdW,b3268
947767,yhdV,b3267
947768,acrF,b3266
947769,rrfD,b3274
947770,thrV,b3273
947771,rrfF,b3272
947772,alaU,b3276
947773,rrlD,b3275
947774,yrdB,b3280
947775,yrdA,b3279
947776,aroE,b3281
947777,rrsD,b3278
947778,ileU,b3277
947779,fmt,b3288
947780,def,b3287
947781,smg,b3284
947782,yrdD,b3283
947783,tsaC,b3282
947784,rplQ,b3294
947785,yhdN,b3293
947786,zntR,b3292
947787,mscL,b3291
947788,trkA,b3290
947789,rsmB,b3289
947791,rpsM,b3298
947792,rpsK,b3297
947793,rpsD,b3296
947794,rpoA,b3295
947795,rpsE,b3303
947797,rpmD,b3302
947798,rplO,b3301
947799,secY,b3300
947800,rplE,b3308
947801,rpsN,b3307
947802,rpsH,b3306
947803,rplF,b3305
947804,rplR,b3304
947805,rpmJ,b3299
947806,rplP,b3313
947807,rpmC,b3312
947808,rpsQ,b3311
947809,rplN,b3310
947810,rplX,b3309
947811,rpsS,b3316
947812,degQ,b3234
947813,rplV,b3315
947814,rpsC,b3314
947815,yhcB,b3233
947816,rpsJ,b3321
947817,rplC,b3320
947818,rplD,b3319
947819,rplW,b3318
947820,rplB,b3317
947821,zapE,b3232
947822,gspD,b3325
947823,gspE,b3326
947824,gspC,b3324
947825,gspA,b3323
947826,gspB,b3322
947827,gspG,b3328
947828,rplM,b3231
947829,gspF,b3327
947830,yhcO,b3239
947831,gspK,b3332
947832,gspJ,b3331
947833,gspI,b3330
947834,gspH,b3329
947835,yhcN,b3238
947836,bfd,b3337
947837,chiA,b3338
947838,tufA,b3339
947839,bfr,b3336
947840,gspO,b3335
947841,gspM,b3334
947842,gspL,b3333
947844,tusB,b3343
947845,rpsL,b3342
947846,rpsG,b3341
947847,fusA,b3340
947848,acuI,b3253
947849,slyX,b3348
947850,fkpA,b3347
947851,yheO,b3346
947852,tusD,b3345
947853,tusC,b3344
947854,mdh,b3236
947855,yheT,b3353
947856,yheS,b3352
947857,kefG,b3351
947858,kefB,b3350
947859,slyD,b3349
947860,yhfA,b3356
947861,argR,b3237
947862,prkB,b3355
947863,yheU,b3354
947864,argD,b3359
947865,degS,b3235
947866,yhfK,b3358
947867,crp,b3357
947868,nirB,b3365
947869,tsgA,b3364
947870,ppiA,b3363
947871,yhfG,b3362
947872,fic,b3361
947873,pabA,b3360
947874,rpsB,b0169
947875,frlB,b3371
947878,frlA,b3370
947879,yhfL,b3369
947880,cysG,b3368
947881,nirD,b3366
947882,map,b0168
947883,yhfT,b3377
947884,yhfS,b3376
947885,frlR,b3375
947886,frlD,b3374
947887,arcB,b3210
947888,yhfY,b3382
947889,yhfX,b3381
947890,yhfW,b3380
947891,php,b3379
947892,yhfU,b3378
947893,dam,b3387
947894,trpS,b3384
947895,gph,b3385
947896,rpe,b3386
947897,yhfZ,b3383
947898,hofN,b3394
947899,hofO,b3393
947900,hofP,b3392
947901,hofQ,b3391
947902,exoD,b0539
947903,elbB,b3209
947904,yrfG,b3399
947905,yrfF,b3398
947906,nudE,b3397
947907,mrcA,b3396
947908,hofM,b3395
947909,feoA,b3408
947910,yrbL,b3207
947911,yhgF,b3407
947912,hslR,b3400
947913,ompR,b3405
947914,npr,b3206
947915,gntX,b3413
947916,bioH,b3412
947917,yhgA,b3411
947918,feoC,b3410
947919,feoB,b3409
947920,lptA,b3200
947921,malT,b3418
947922,malP,b3417
947923,malQ,b3416
947924,gntT,b3415
947925,nfuA,b3414
947926,glpR,b3423
947927,aroB,b3389
947928,rtcR,b3422
947929,rtcB,b3421
947930,damX,b3388
947931,glgP,b3428
947932,glgA,b3429
947933,yzgL,b3427
947934,glpD,b3426
947935,glpE,b3425
947936,glpG,b3424
947937,gntK,b3437
947938,yhgN,b3434
947939,asd,b3433
947940,glgB,b3432
947941,glgX,b3431
947942,glgC,b3430
947943,yhhY,b3441
947944,yhhX,b3440
947945,yhhW,b3439
947946,gntR,b3438
947947,ggt,b3447
947948,yrhB,b3446
947949,insB1,b3445
947950,insA,b3444
947951,yrhA,b3443
947952,yhhZ,b3442
947953,ugpC,b3450
947954,mlaB,b3191
947955,ugpQ,b3449
947956,yhhA,b3448
947957,ugpA,b3452
947958,ibaG,b3190
947959,ugpE,b3451
947960,sfsB,b3188
947961,livF,b3454
947962,ugpB,b3453
947963,panM,b3459
947964,livK,b3458
947965,livH,b3457
947966,livM,b3456
947967,livG,b3455
947968,ftsE,b3463
947969,ftsX,b3462
947970,rpoH,b3461
947971,livJ,b3460
947972,zntA,b3469
947973,yhhN,b3468
947974,tusA,b3470
947975,yhhM,b3467
947976,yhhL,b3466
947977,rsmD,b3465
947978,ftsY,b3464
947979,acpT,b3475
947980,yhhT,b3474
947981,nikA,b3476
947982,yhhS,b3473
947983,dcrB,b3472
947984,yhhQ,b3471
947985,agaI,b3141
947986,nikB,b3477
947987,nikE,b3480
947988,insF1,b0541
947989,nikD,b3479
947990,nikC,b3478
947991,yhhJ,b3485
947992,yhhI,b3484
947993,yhhH,b3483
947994,rhsB,b3482
947995,nikR,b3481
947996,yhiN,b3492
947997,yhiM,b3491
947998,rbbA,b3486
947999,yhiL,b4660
948001,yhiJ,b3488
948002,hycB,b2724
948003,yhiI,b3487
948004,hybF,b2991
948005,rsmJ,b3497
948006,dtpB,b3496
948007,uspA,b3495
948008,uspB,b3494
948009,pitA,b3493
948010,phoH,b1020
948011,arsB,b3502
948012,rlmJ,b3499
948013,arsR,b3501
948014,gor,b3500
948015,insH1,b3505
948016,prlC,b3498
948017,yhiS,b3504
948018,arsC,b3503
948019,yhiD,b3508
948020,hybG,b2990
948021,dctR,b3507
948022,slp,b3506
948023,gadE,b3512
948024,hdeD,b3511
948025,hdeA,b3510
948026,hdeB,b3509
948027,gadA,b3517
948028,gadX,b3516
948029,gadW,b3515
948030,mdtF,b3514
948031,mdtE,b3513
948032,yhjE,b3523
948033,yhjD,b3522
948034,intE,b1140
948035,yhjC,b3521
948036,yhjB,b3520
948037,treF,b3519
948038,yhjA,b3518
948039,dctA,b3528
948040,yhjJ,b3527
948041,kdgK,b3526
948042,yhjH,b3525
948043,yhjG,b3524
948044,ybeZ,b0660
948045,bcsB,b3532
948046,bcsZ,b3531
948047,bcsC,b3530
948048,yhjK,b3529
948049,gabP,b2663
948050,bcsE,b3536
948051,yhjR,b3535
948052,bcsQ,b3534
948053,bcsA,b3533
948054,rhmA,b2245
948055,csiR,b2664
948056,dppF,b3540
948057,yhjV,b3539
948058,bcsG,b3538
948059,bcsF,b3537
948060,gabD,b2661
948061,proK,b3545
948062,dppA,b3544
948063,dppB,b3543
948064,dppC,b3542
948065,dppD,b3541
948066,yhjX,b3547
948067,gabT,b2662
948068,eptB,b3546
948069,lhgO,b2660
948070,cspA,b3556
948071,yiaG,b3555
948072,yiaF,b3554
948073,yhjY,b3548
948074,ghrB,b3553
948075,yiaD,b3552
948076,csiD,b2659
948077,wecH,b3561
948078,yiaA,b3562
948079,glyQ,b3560
948080,glyS,b3559
948081,insK,b3558
948082,insJ,b3557
948083,xylH,b3568
948084,yiaJ,b3574
948085,ysaA,b3573
948086,xylR,b3569
948087,avtA,b3572
948088,malS,b3571
948089,bax,b3570
948090,xylF,b3566
948091,yiaO,b3579
948092,yiaN,b3578
948093,yiaM,b3577
948094,yiaL,b3576
948096,yiaK,b3575
948097,yiaT,b3584
948098,sgbH,b3581
948099,sgbE,b3583
948100,sgbU,b3582
948101,lyxK,b3580
948102,yiaY,b3589
948103,selB,b3590
948104,aldB,b3588
948105,yiaW,b3587
948106,yiaV,b3586
948107,yiaU,b3585
948108,yibA,b3594
948109,yibI,b3598
948110,yibH,b3597
948111,yibG,b3596
948112,rhsJ,b3595
948113,yibF,b3592
948114,lldP,b3603
948115,yibL,b3602
948116,mtlR,b3601
948117,mtlD,b3600
948118,mtlA,b3599
948119,trmL,b3606
948120,rhsA,b3593
948121,lldD,b3605
948122,lldR,b3604
948123,secB,b3609
948124,selA,b3591
948125,gpsA,b3608
948126,cysE,b3607
948127,xylG,b3567
948128,yibQ,b3614
948129,envC,b3613
948130,gpmM,b3612
948131,yibN,b3611
948132,grxC,b3610
948133,xylB,b3564
948134,hldD,b3619
948135,waaF,b3620
948136,waaC,b3621
948137,yibB,b3618
948138,kbl,b3617
948139,tdh,b3616
948140,waaH,b3615
948141,xylA,b3565
948142,waaR,b3626
948143,waaO,b3627
948144,waaB,b3628
948145,waaY,b3625
948146,waaZ,b3624
948147,waaU,b3623
948148,waaL,b3622
948149,waaG,b3631
948150,waaP,b3630
948151,waaS,b3629
948152,yiaB,b3563
948153,dinD,b3645
948154,yicC,b3644
948155,waaQ,b3632
948156,rph,b3643
948157,pyrE,b3642
948158,slmA,b3641
948159,spoT,b3650
948160,rpoZ,b3649
948161,trmH,b3651
948162,recG,b3652
948163,gmk,b3648
948164,ligB,b3647
948165,yicG,b3646
948166,gltS,b3653
948167,selC,b3658
948168,yicJ,b3657
948169,yicI,b3656
948171,yicH,b3655
948172,xanP,b3654
948173,yicN,b3663
948174,adeQ,b3664
948175,nlpA,b3661
948176,yicL,b3660
948177,setC,b3659
948178,uhpA,b3669
948179,yidF,b3674
948180,emrD,b3673
948181,ivbL,b3672
948182,ilvB,b3671
948183,ilvN,b3670
948184,uhpC,b3667
948185,yidK,b3679
948186,yidL,b3680
948188,yidJ,b3678
948189,yidI,b3677
948190,yidH,b3676
948191,yidG,b3675
948192,ibpB,b3686
948193,yidE,b3685
948194,yidP,b3684
948195,uhpB,b3668
948196,dgoT,b3691
948197,cbrA,b3690
948198,yidR,b3689
948199,yidQ,b3688
948200,ibpA,b3687
948201,uhpT,b3666
948202,yidX,b3696
948203,ydcL,b1431
948204,yidA,b3697
948207,dgoK,b3693
948209,recF,b3700
948210,adeD,b3665
948211,gyrB,b3699
948212,yidB,b3698
948213,nepI,b3662
948214,yidC,b3705
948215,rnpA,b3704
948216,rpmH,b3703
948217,dnaA,b3702
948218,dnaN,b3701
948219,mdtL,b3710
948220,tnaB,b3709
948221,tnaA,b3708
948222,mnmE,b3706
948223,tnaC,b3707
948224,adeP,b3714
948225,chrR,b3713
948226,yieE,b3712
948227,yidZ,b3711
948228,bglH,b3720
948229,yieK,b3718
948230,cbrC,b3717
948231,cbrB,b3716
948232,yieH,b3715
948233,phoU,b3724
948234,bglB,b3721
948235,bglG,b3723
948236,bglF,b3722
948237,pstS,b3728
948238,pstC,b3727
948239,pstA,b3726
948240,pstB,b3725
948241,glmS,b3729
948242,atpA,b3734
948243,atpG,b3733
948244,atpD,b3732
948245,atpC,b3731
948246,glmU,b3730
948247,atpF,b3736
948248,mnmG,b3741
948249,mioC,b3742
948250,rsmG,b3740
948251,atpI,b3739
948252,atpB,b3738
948253,atpE,b3737
948254,atpH,b3735
948255,kup,b3747
948256,ravA,b3746
948257,viaA,b3745
948258,asnA,b3744
948259,asnC,b3743
948260,rbsK,b3752
948261,rbsB,b3751
948262,rbsC,b3750
948263,yieP,b3755
948264,rbsA,b3749
948265,hsrA,b3754
948266,rbsR,b3753
948267,rbsD,b3748
948268,rrlC,b3758
948269,ispD,b2747
948270,rrsC,b3756
948271,gltU,b3757
948272,yieL,b3719
948273,rrfC,b3759
948274,yifE,b3764
948275,trpT,b3761
948276,aspT,b3760
948277,ilvD,b3771
948278,ilvE,b3770
948279,ilvM,b3769
948282,yifB,b3765
948283,ilvL,b3766
948284,ilvY,b3773
948285,ppiC,b3775
948286,ilvC,b3774
948287,ilvA,b3772
948289,trxA,b3781
948290,rhlB,b3780
948291,gpp,b3779
948292,rep,b3778
948293,wzyE,b3793
948294,wzxE,b3792
948296,wecE,b3791
948297,rho,b3783
948298,wecD,b3790
948299,rffH,b3789
948300,rffG,b3788
948301,wecG,b3794
948302,ybdF,b0579
948303,proM,b3799
948304,leuT,b3798
948305,hisR,b3797
948306,elfA,b0938
948307,pldA,b3821
948308,relB,b1564
948309,yigM,b3827
948310,metR,b3828
948311,hemY,b3802
948313,dapE,b2472
948314,pldB,b3825
948315,yobA,b1841
948316,rhtB,b3824
948317,rhtC,b3823
948318,recQ,b3822
948319,tatB,b3838
948320,ysgA,b3830
948321,tatA,b3836
948322,ubiB,b3835
948323,metE,b3829
948324,fadA,b3845
948325,fre,b3844
948326,ubiD,b3843
948327,rfaH,b3842
948328,tatC,b3839
948329,yobB,b1843
948330,rarD,b3819
948331,hemG,b3850
948332,rrsA,b3851
948333,trkH,b3849
948334,yigZ,b3848
948335,pepQ,b3847
948336,fadB,b3846
948337,alaT,b3853
948338,yigI,b3820
948339,ileT,b3852
948340,yigF,b3817
948341,rrlA,b3854
948342,allD,b0517
948343,mobB,b3856
948344,yigG,b3818
948345,rrfA,b3855
948346,srkA,b3859
948347,uvrD,b3813
948348,yihD,b3858
948349,mobA,b3857
948350,yihG,b3862
948351,corA,b3816
948352,yihF,b3861
948353,dsbA,b3860
948354,spf,b3864
948355,xerC,b3811
948356,polA,b3863
948357,yigB,b3812
948358,yihA,b3865
948359,yigA,b3810
948360,glnL,b3869
948361,glnG,b3868
948362,hemN,b3867
948363,yihI,b3866
948364,dapF,b3809
948365,yihN,b3874
948366,ompL,b3875
948367,yihM,b3873
948368,yihL,b3872
948369,typA,b3871
948370,glnA,b3870
948371,yihP,b3877
948372,yihU,b3882
948373,yihT,b3881
948374,yihS,b3880
948375,yihR,b3879
948376,yihQ,b3878
948377,yihO,b3876
948378,dtd,b3887
948379,yihY,b3886
948380,yihX,b3885
948381,yihW,b3884
948382,yihV,b3883
948383,fdoI,b3892
948384,fdhE,b3891
948385,yiiF,b3890
948386,yiiE,b3889
948387,yiiD,b3888
948388,frvX,b3898
948389,frvR,b3897
948390,frvB,b3899
948391,frvA,b3900
948392,yiiG,b3896
948393,fdhD,b3895
948394,fdoG,b3894
948395,fdoH,b3893
948396,rhaR,b3906
948397,rhaS,b3905
948398,rhaT,b3907
948399,rhaB,b3904
948400,rhaA,b3903
948401,rhaD,b3902
948402,rhaM,b3901
948403,sodA,b3908
948404,cpxR,b3912
948405,cpxA,b3911
948406,yiiM,b3910
948407,kdgT,b3909
948408,yiiQ,b3920
948409,tpiA,b3919
948410,cdh,b3918
948411,sbp,b3917
948412,pfkA,b3916
948413,fieF,b3915
948414,fpr,b3924
948415,uspD,b3923
948416,yiiS,b3922
948417,yiiR,b3921
948418,menA,b3930
948419,rraA,b3929
948420,zapB,b3928
948421,lit,b1139
948422,glpF,b3927
948423,glpK,b3926
948424,glpX,b3925
948425,rpmE,b3936
948426,priA,b3935
948427,cytR,b3934
948428,ftsN,b3933
948429,hslV,b3932
948430,hslU,b3931
948431,katG,b3942
948432,metF,b3941
948433,metL,b3940
948434,metB,b3939
948435,metJ,b3938
948436,yiiX,b3937
948437,frwA,b3947
948438,ykgE,b0306
948439,fsaB,b3946
948440,gldA,b3945
948441,yijF,b3944
948442,emrE,b0543
948443,clpS,b0881
948444,hrpA,b1413
948445,yijE,b3943
948446,hemX,b3803
948447,frwB,b3950
948448,frwC,b3949
948449,insA,b0022
948451,yijO,b3954
948452,frwD,b3953
948453,pflC,b3952
948454,pflD,b3951
948455,argC,b3958
948456,argE,b3957
948457,ppc,b3956
948458,eptC,b3955
948459,yijD,b3964
948460,fabR,b3963
948461,sthA,b3962
948462,oxyR,b3961
948463,argH,b3960
948464,argB,b3959
948465,gltT,b3969
948466,rrsB,b3968
948467,murI,b3967
948468,btuB,b3966
948469,birA,b3973
948470,murB,b3972
948471,rrfB,b3971
948472,yacC,b0122
948473,rrlB,b3970
948474,tyrU,b3977
948476,thrU,b3976
948477,ycdX,b1034
948479,coaA,b3974
948480,thrT,b3979
948481,glyT,b3978
948482,tufB,b3980
948483,rplA,b3984
948484,rplK,b3983
948485,nusG,b3982
948486,secE,b3981
948487,rpoC,b3988
948488,rpoB,b3987
948489,rplL,b3986
948490,rplJ,b3985
948491,thiE,b3993
948492,thiC,b3994
948493,thiG,b3991
948494,thiH,b3990
948495,yjaZ,b3989
948496,rsd,b3995
948497,hemE,b3997
948498,nudC,b3996
948499,hupA,b4000
948500,thiF,b3992
948501,yjaG,b3999
948502,nfi,b3998
948503,purH,b4006
948504,purD,b4005
948505,zraR,b4004
948506,zraS,b4003
948507,zraP,b4002
948508,yjaH,b4001
948509,rrlE,b4009
948510,gltV,b4008
948511,rrsE,b4007
948512,aceB,b4014
948513,metA,b4013
948514,yjaB,b4012
948515,yjaA,b4011
948516,rrfE,b4010
948517,aceA,b4015
948518,yjbD,b4023
948519,rluF,b4022
948520,pepE,b4021
948521,yjbB,b4020
948522,metH,b4019
948523,rapA,b0059
948524,iclR,b4018
948525,thiK,b1106
948526,yjbG,b4028
948527,yjbH,b4029
948528,psiE,b4030
948529,xylE,b4031
948530,malG,b4032
948531,lysC,b4024
948532,malF,b4033
948533,yjbF,b4027
948534,yjbE,b4026
948535,pgi,b4025
948536,lpoB,b1105
948537,malK,b4035
948538,malE,b4034
948539,ycfL,b1104
948540,ubiA,b4040
948541,plsB,b4041
948542,mtn,b0159
948543,dgkA,b4042
948544,lexA,b4043
948545,ubiC,b4039
948546,yjbI,b4038
948547,malM,b4037
948548,lamB,b4036
948549,hinT,b1103
948550,yjbM,b4048
948551,yjbL,b4047
948552,zur,b4046
948553,yjbJ,b4045
948554,dinF,b4044
948555,dnaB,b4052
948556,qorA,b4051
948557,pspG,b4050
948558,dusA,b4049
948559,uvrA,b4058
948560,yjbR,b4057
948561,yjbQ,b4056
948562,aphA,b4055
948563,tyrB,b4054
948564,alr,b4053
948565,ghxP,b4064
948566,soxR,b4063
948567,soxS,b4062
948568,yjcC,b4061
948569,yjcB,b4060
948570,ssb,b4059
948571,nrfA,b4070
948572,acs,b4069
948573,nrfB,b4071
948574,yjcH,b4068
948575,actP,b4067
948576,yjcF,b4066
948577,yjcE,b4065
948578,nrfF,b4075
948579,nrfE,b4074
948580,nrfD,b4073
948581,nrfC,b4072
948582,mdtO,b4081
948583,mdtP,b4080
948584,fdhF,b4079
948585,rdgC,b0393
948586,yjcO,b4078
948587,hemD,b3804
948588,mreB,b3251
948589,ycjS,b1315
948590,fixX,b0044
948591,gltP,b4077
948592,nrfG,b4076
948593,alsA,b4087
948594,alsC,b4086
948595,alsE,b4085
948596,alsK,b4084
948597,yjcS,b4083
948598,mdtN,b4082
948599,phnO,b4093
948600,phnP,b4092
948602,rpiB,b4090
948603,alsR,b4089
948604,alsB,b4088
948605,phnI,b4099
948606,phnJ,b4098
948607,dut,b3640
948608,phnN,b4094
948609,creC,b4399
948610,trmJ,b2532
948611,phnK,b4097
948612,phnL,b4096
948613,phnM,b4095
948615,hybB,b2995
948616,hokD,b1562
948617,phnF,b4102
948618,phnG,b4101
948619,phnH,b4100
948620,crfC,b4109
948621,yjdM,b4108
948622,yjdN,b4107
948623,phnC,b4106
948624,phnD,b4105
948625,phnE,b4104
948626,proP,b4111
948627,adiY,b4116
948628,adiC,b4115
948629,eptA,b4114
948630,ypjA,b2647
948631,basR,b4113
948632,basS,b4112
948633,yjcZ,b4110
948634,yjdF,b4121
948635,melB,b4120
948636,melA,b4119
948637,melR,b4118
948638,adiA,b4117
948639,dcuS,b4125
948640,dcuR,b4124
948641,dcuB,b4123
948642,fumB,b4122
948643,cadA,b4131
948644,dtpC,b4130
948645,lysU,b4129
948646,ghoS,b4128
948647,yjdJ,b4127
948648,yjdI,b4126
948649,dsbD,b4136
948650,yjdC,b4135
948651,pheU,b4134
948652,fadR,b1187
948653,cadC,b4133
948654,cadB,b4132
948655,groS,b4142
948656,yjeH,b4141
948657,fxsA,b4140
948658,aspA,b4139
948659,dcuA,b4138
948660,cutA,b4137
948661,efp,b4147
948662,epmB,b4146
948663,yjeJ,b4145
948664,yjeI,b4144
948665,groL,b4143
948666,frdB,b4153
948667,frdA,b4154
948668,frdD,b4151
948669,ampC,b4150
948670,blc,b4149
948671,sugE,b4148
948672,epmA,b4155
948673,psd,b4160
948674,rsgA,b4161
948675,orn,b4162
948676,mscM,b4159
948677,yjeO,b4158
948678,yjeN,b4157
948679,yjeM,b4156
948680,frdC,b4152
948681,glyX,b4164
948682,glyV,b4163
948683,amiB,b4169
948684,tsaE,b4168
948685,nnr,b4167
948686,queG,b4166
948687,glyY,b4165
948688,hflX,b4173
948689,hfq,b4172
948690,miaA,b4171
948691,mutL,b4170
948692,rnr,b4179
948693,nsrR,b4178
948694,rlmB,b4180
948695,purA,b4177
948696,yjeT,b4176
948697,hflC,b4175
948698,hflK,b4174
948699,yjfC,b4186
948700,yjfM,b4185
948701,yjfL,b4184
948702,yjfK,b4183
948703,yjfJ,b4182
948704,yjfI,b4181
948705,ulaG,b4192
948706,ulaR,b4191
948707,yjfP,b4190
948708,bsmA,b4189
948709,yjfN,b4188
948710,aidB,b4187
948711,ulaF,b4198
948712,ulaE,b4197
948713,yjfY,b4199
948714,ulaD,b4196
948715,ulaC,b4195
948716,ulaB,b4194
948717,ulaA,b4193
948718,ytfA,b4205
948719,yjfZ,b4204
948720,rplI,b4203
948721,rpsR,b4202
948722,priB,b4201
948723,rpsF,b4200
948724,ytfE,b4209
948725,cycA,b4208
948726,fklB,b4207
948727,ytfB,b4206
948728,cysQ,b4214
948729,cpdB,b4213
948730,ytfH,b4212
948731,qorB,b4211
948732,ytfF,b4210
948733,tamA,b4220
948734,msrA,b4219
948735,ytfL,b4218
948736,ytfK,b4217
948737,ytfJ,b4216
948738,ytfI,b4215
948739,chpS,b4224
948741,ytfP,b4222
948742,tamB,b4221
948743,ytfT,b4230
948746,ytfQ,b4227
948747,chpB,b4225
948748,ppa,b4226
948749,ydhY,b1674
948750,pmbA,b4235
948751,yjgA,b4234
948752,mpl,b4233
948753,fbp,b4232
948754,yjfF,b4231
948755,nrdD,b4238
948756,ydhV,b1673
948757,nrdG,b4237
948758,cybC,b4236
948759,ecpA,b0293
948760,treR,b4241
948761,treB,b4240
948762,treC,b4239
948763,pyrI,b4244
948765,bdcA,b4249
948766,pepB,b2523
948767,pyrB,b4245
948768,pyrL,b4246
948769,yjgH,b4248
948771,ridA,b4243
948772,yjgM,b4256
948773,rraB,b4255
948774,argI,b4254
948775,bdcR,b4251
948776,yjgL,b4253
948777,tabA,b4252
948778,mgtA,b4242
948779,insD1,b4273
948781,insC1,b4272
948782,intB,b4271
948783,ccmF,b2196
948784,yjgN,b4257
948785,valS,b4258
948787,holC,b4259
948789,wecA,b3784
948791,pepA,b4260
948792,folK,b0142
948793,ilvI,b0077
948794,fdnH,b1475
948795,lptF,b4261
948796,ydfZ,b1541
948797,appY,b0564
948798,idnT,b4265
948800,ybaQ,b0483
948801,ydfV,b1565
948802,ahr,b4269
948803,leuX,b4270
948804,yjgZ,b4277
948805,insG,b4278
948806,ecpB,b0292
948807,yjhB,b4279
948808,yjhC,b4280
948809,yjhD,b4281
948810,yjhE,b4282
948811,yjjB,b4363
948812,yjjP,b4364
948813,dnaT,b4362
948815,insI1,b4284
948817,yfcZ,b2343
948818,yjhV,b4286
948819,fecE,b4287
948820,mokB,b1420
948821,gtrA,b2350
948822,yfdK,b2354
948823,fadI,b2342
948824,fliA,b1922
948825,yjhH,b4298
948826,fecC,b4289
948827,yjhU,b4295
948828,dsdC,b2364
948829,sgcE,b4301
948830,insA,b4294
948831,sgcA,b4302
948832,fimB,b4312
948833,fliY,b1920
948834,sgcQ,b4303
948835,nanS,b4309
948836,fimE,b4313
948837,yjiL,b4334
948838,fimA,b4314
948839,ykfF,b0249
948840,sgcX,b4305
948841,fimI,b4315
948842,yfdY,b2377
948843,fimC,b4316
948844,fimD,b4317
948845,fimF,b4318
948846,fimG,b4319
948847,fimH,b4320
948848,gntP,b4321
948849,uxuR,b4324
948850,yjiC,b4325
948851,iraD,b4326
948852,hypT,b4327
948853,iadA,b4328
948854,yjiG,b4329
948855,tyrS,b1637
948856,yjiH,b4330
948857,glcB,b2976
948858,kptA,b4331
948859,yjiJ,b4332
948860,yjiN,b4336
948861,mdtM,b4337
948863,ybaA,b0456
948864,dnaC,b4361
948865,ydcI,b1422
948866,yjiP,b4339
948867,hsdS,b4348
948868,creD,b4400
948869,nadC,b0109
948870,rstB,b1609
948872,hsdM,b4349
948873,leuV,b4368
948874,arcA,b4401
948875,leuP,b4369
948876,ylaC,b0458
948877,ampD,b0110
948878,hsdR,b4350
948879,lgoT,b4356
948880,mcrC,b4345
948881,lgoR,b4357
948882,yjiA,b4352
948883,lgoD,b4358
948884,tsr,b4355
948886,hyfR,b2491
948887,yjjA,b4360
948888,opgB,b4359
948889,bglJ,b4366
948890,holD,b4372
948891,fhuF,b4367
948892,rsmC,b4371
948893,leuQ,b4370
948894,rimI,b4373
948895,osmY,b4376
948896,yjjQ,b4365
948897,prfC,b4375
948898,mrr,b4351
948899,yjjG,b4374
948900,tolQ,b0737
948901,deoA,b4382
948902,deoC,b4381
948903,yjiS,b4341
948904,yjjI,b4380
948905,yjjW,b4379
948906,yjjU,b4377
948907,ybgC,b0736
948908,slt,b4392
948909,ettA,b4391
948910,deoB,b4383
948911,nadR,b4390
948912,radA,b4389
948913,serB,b4388
948914,yjiY,b4354
948915,ubiJ,b3834
948916,rob,b4396
948917,trpR,b4393
948918,ytjC,b4395
948919,yjjX,b4394
948920,creA,b4397
948922,creB,b4398
948923,araH,b4460
948924,yjtD,b4403
948925,yjjY,b4402
948926,ubiE,b3833
948930,yccJ,b1003
948933,srlE,b2703
948935,arpB,b4494
948937,srlD,b2705
948938,srlM,b2706
948939,fixB,b0042
948942,srlR,b2707
948946,kdpF,b4513
948950,proQ,b1831
948951,ylaB,b0457
948953,ybfK,b4590
948955,cbdX,b4592
948956,efeU,b4490
948957,yjiK,b4333
948958,fixC,b0043
948959,ydaE,b4526
948963,ygiQ,b4469
948966,rmuC,b3832
948967,ttcA,b1344
948968,yicR,b3638
948969,yeaP,b1794
948971,srlB,b2704
948973,pinR,b1374
948977,wecC,b3787
948978,yjgR,b4263
948979,norV,b2710
948980,borD,b0557
948981,artJ,b0860
948982,hybD,b2993
948983,yeiS,b2145
948985,ppdB,b2825
948986,guaC,b0104
948987,udp,b3831
948988,artI,b0863
948989,lolA,b0891
948990,yphE,b2547
948991,ymgA,b1165
948992,djlA,b0055
948993,rcsC,b2218
948994,hycD,b2722
948995,caiD,b0036
948996,cho,b1741
948997,caiB,b0038
948998,cynS,b0340
948999,caiE,b0035
949000,rpsI,b3230
949001,ybhM,b0787
949002,prfA,b1211
949003,sanA,b2144
949004,ykfA,b0253
949005,insI1,b0256
949007,fadE,b0221
949008,yccU,b0965
949009,yafT,b0217
949011,atoS,b2219
949012,ymdA,b1044
949013,aslB,b3800
949014,sufA,b1684
949015,aslA,b3801
949016,ygfS,b2886
949017,uacT,b2888
949018,ygfT,b2887
949020,idi,b2889
949021,ybdD,b4512
949023,yehR,b2123
949024,yehT,b2125
949025,carA,b0032
949026,yehS,b2124
949027,yehU,b2126
949028,yehW,b2128
949029,mlrA,b2127
949030,argT,b2310
949031,purE,b0523
949032,focB,b2492
949033,ubiX,b2311
949034,leuO,b0076
949035,thyA,b2827
949036,mglA,b2149
949037,preA,b2147
949038,ppiB,b0525
949039,mglC,b2148
949040,folE,b2153
949041,mglB,b2150
949042,cirA,b2155
949043,galS,b2151
949044,yeiB,b2152
949045,yeiG,b2154
949046,artQ,b0862
949047,dfp,b3639
949048,waaA,b3633
949049,preT,b2146
949050,yegZ,b2083
949051,lrp,b0889
949052,cydD,b0887
949053,lpxH,b0524
949054,trxB,b0888
949055,csgA,b1042
949057,rplU,b3186
949058,idnR,b4264
949059,yjhQ,b4307
949060,coaE,b0103
949062,yadS,b0157
949063,yphD,b2546
949064,caiA,b0039
949065,rna,b0611
949066,artM,b0861
949067,ybdR,b0608
949068,ygfK,b2878
949069,valW,b1666
949070,citT,b0612
949071,ygfM,b2880
949072,ssnA,b2879
949073,dsbE,b2195
949075,xanQ,b2882
949076,sbcC,b0397
949077,araJ,b0396
949078,rcnA,b2106
949079,xdhD,b2881
949080,rcnB,b2107
949081,narP,b2193
949082,yedD,b1928
949083,lacY,b0343
949084,citX,b0614
949085,yciI,b1251
949086,mak,b0394
949087,fryB,b2387
949088,symE,b4347
949089,yjiR,b4340
949090,yjiX,b4353
949092,endA,b2945
949093,ybaE,b0445
949094,yagJ,b0276
949095,hupB,b0440
949096,folM,b1606
949097,fadJ,b2341
949098,gtrB,b2351
949099,yfdL,b2355
949100,yjhI,b4299
949101,fliC,b1923
949102,yjhF,b4296
949103,dsdX,b2365
949104,fecR,b4292
949105,yecS,b1918
949106,nanM,b4310
949107,ypdI,b2376
949108,yfdX,b2375
949109,yfcV,b2339
949110,yfdV,b2372
949111,fryC,b2386
949112,tsaA,b0195
949113,rcsF,b0196
949114,envY,b0566
949115,yhbU,b3158
949116,proS,b0194
949117,yhbV,b3159
949118,gfcB,b0986
949119,csgD,b1040
949120,secF,b0409
949121,insH1,b2192
949122,mcrB,b4346
949123,mdtQ,b2139
949125,yohK,b2142
949126,yohF,b2137
949127,yohJ,b2141
949128,yaaY,b0024
949129,ribF,b0025
949130,tgt,b0406
949131,malZ,b0403
949132,acpH,b0404
949133,secD,b0408
949134,gmhA,b0222
1450231,yfaS,b4500
1450232,torI,b4501
1450233,yaeP,b4406
1450235,yafF,b4503
1450236,ykfH,b4504
1450237,insX,b4505
1450238,ykgO,b4506
1450240,ylcG,b4509
1450242,rzoD,b4510
1450243,ybdZ,b4511
1450245,ybfQ,b4514
1450246,cydX,b4515
1450249,gnsA,b4517
1450250,insA,b4516
1450253,ymgF,b4520
1450255,ycgI,b4521
1450256,ymiA,b4522
1450257,yciX,b4523
1450258,ymjC,b4525
1450262,rzoR,b4528
1450267,ynfO,b4533
1450268,yfcU,b4661
1450269,yniD,b4535
1450271,yobH,b4536
1450273,yoeF,b4538
1450274,yoeB,b4539
1450279,yohO,b4542
1450280,ypaA,b4543
1450282,arnE,b4544
1450283,ypdJ,b4545
1450285,ypeB,b4546
1450286,ypfN,b4547
1450287,ypjJ,b4548
1450289,arfA,b4550
1450290,yheV,b4551
1450291,yrhC,b4552
1450292,ysaB,b4553
1450295,sgcB,b4565
1450297,yjhX,b4566
1450298,ytjA,b4568
1450299,yibT,b4554
1450300,yicS,b4555
1450301,glvG,b4556
1450303,yidD,b4557
1450304,yifL,b4558
1450308,ghoT,b4559
1450310,insM,b4561
1450313,yjjZ,b4567
2847669,yjiV,b4486
2847670,rydB,b4430
2847671,rprA,b4431
2847672,gatR,b4498
2847673,sibA,b4436
2847674,sibB,b4437
2847676,yifN,b3777
2847677,wecF,b4481
2847678,glmZ,b4456
2847679,yigE,b4482
2847680,rdlC,b4424
2847682,blr,b4409
2847683,rttR,b4425
2847684,sibD,b4447
2847685,psrO,b4449
2847686,yggP,b4465
2847688,cpxP,b4484
2847690,arcZ,b4450
2847691,isrC,b4435
2847694,yghX,b4658
2847696,ygaY,b2681
2847697,micA,b4442
2847698,hdfR,b4480
2847699,ilvG,b4488
2847700,glmY,b4441
2847701,oxyS,b4458
2847702,thiS,b4407
2847703,ycgH,b4491
2847704,yedN,b4495
2847705,ygeN,b2858
2847706,greB,b3406
2847707,rtcA,b4475
2847708,smf,b4473
2847709,ygcU,b4463
2847710,ypjK,b2635
2847713,micC,b4427
2847714,ryfA,b4440
2847715,hokE,b4415
2847716,sslE,b4466
2847717,glcF,b4467
2847718,glcE,b4468
2847719,csrB,b4408
2847720,gcvB,b4443
2847721,glvC,b3683
2847723,yhaM,b4470
2847724,tdcG,b4471
2847725,ytfR,b4485
2847726,yehH,b4499
2847727,hokB,b4428
2847728,sokB,b4429
2847729,gadY,b4452
2847730,ldrD,b4453
2847731,rdlD,b4454
2847732,hokA,b4455
2847733,ldrA,b4419
2847734,rdlA,b4420
2847735,ldrB,b4421
2847736,ecnA,b4410
2847737,ecnB,b4411
2847738,gapC,b4493
2847739,yfjD,b4461
2847740,yhdP,b4472
2847741,yjjV,b4378
2847742,micF,b4439
2847743,cysW,b2423
2847744,hokC,b4412
2847745,sokC,b4413
2847746,omrA,b4444
2847747,omrB,b4445
2847748,ghxQ,b4464
2847749,sibC,b4446
2847750,ydbA,b4492
2847751,mcaS,b4426
2847752,tatD,b4483
2847753,ryjA,b4459
2847754,yjdP,b4487
2847755,psrD,b4418
2847756,cutC,b1874
2847757,nirC,b3367
2847758,frlC,b4474
2847759,aroK,b3390
2847760,gntU,b4476
2847761,ryhB,b4451
2847762,ygaQ,b4462
2847763,yedS,b4496
2847764,yeeL,b4497
2847765,dgoD,b4478
2847766,dgoA,b4477
2847767,dgoR,b4479
2847768,yigL,b3826
2847769,cyaR,b4438
2847770,rdlB,b4422
2847771,ryeA,b4432
2847772,sdsR,b4433
2847773,tff,b4414
2847774,rybB,b4417
2847775,ldrC,b4423
2847776,csrC,b4457
4056025,ylbE,b4572
4056026,icdC,b4519
4056027,ydbJ,b4529
4056028,insP,b4578
4056030,wbbL,b4571
4056031,yeiW,b4502
4056032,yhcE,b4569
4056033,yjgX,b4575
4056034,insB1,b4576
4056035,yehK,b4541
4056036,lomR,b4570
4056037,insZ,b4573
4056038,sgrS,b4577
4056039,yaiX,b4579
4056040,yaiT,b4580
4056041,ybeM,b4581
4056042,yoeA,b4582
4306141,ycjV,b4524
5061497,yneM,b4599
5061498,ykfM,b4586
5061499,ylcI,b4589
5061500,chiX,b4585
5061501,insN,b4587
5061502,yciY,b4595
5061503,yncL,b4598
5061504,ylcH,b4588
5061505,ynhF,b4602
5061506,ryfD,b4609
5061507,rseX,b4603
5061508,rydC,b4597
5061509,yciZ,b4596
5061510,ydgU,b4601
5061513,ypfM,b4606
5061515,ymgI,b4593
5061516,ymgJ,b4594
5061518,ohsC,b4608
5061520,sibE,b4611
5061522,dinQ,b4613
5061523,sokA,b4614
5061524,yibV,b4615
5061525,istR,b4616
5061527,tisB,b4618
5061528,yjbT,b4620
5061529,yjbS,b4621
5061530,ytcA,b4622
5061531,insO,b4623
5061532,ryjB,b4624
5061533,symR,b4625
5625552,ykfN,b4626
5625553,ykfL,b4627
5625554,ykfK,b4628
5625555,ptwF,b4629
5625556,ykgP,b4630
5625557,ykgQ,b4631
5625558,ylbI,b4632
5625559,xisD,b4633
5625560,aaaD,b4634
5625561,pauD,b4635
5625562,uof,b4637
5625563,ybfI,b4636
5625564,ttcC,b4638
5625565,yeeH,b4639
5625566,yoeG,b4640
5625567,yoeH,b4641
5625568,yoeD,b4642
5625569,pawZ,b4643
5625570,ypjI,b4644
5625571,psaA,b4645
5625572,yrdE,b4646
5625573,mokA,b4647
5625574,ysaC,b4648
5625575,ysaD,b4649
5625576,yibS,b4650
5625577,yibW,b4651
5625578,yibU,b4652
5625579,yicT,b4653
5625580,yjdQ,b4654
5625581,ythA,b4655
5625582,yjhY,b4656
5625583,yjhZ,b4657
6106750,NEWENTRY,-
7751614,ynbG,b4674
7751615,rzoQ,b4689
7751616,ymiB,b4672
7751617,ymjD,b4673
7751618,yqcG,b4682
7751619,yrbN,b4685
7751620,shoB,b4687
7751621,yshB,b4686
7751622,ypdK,b4680
7751623,yneO,b4696
7751624,sgrT,b4662
7751625,ibsA,b4667
7751626,ibsB,b4668
7751627,ibsC,b4665
7751628,ibsD,b4664
7751629,ibsE,b4666
7751630,yjeV,b4670
7751631,eyeA,b4690
7751632,ykgS,b4688
7751633,yagP,b4694
7751634,ykgT,b4695
7751635,ykgR,b4671
7751636,yohP,b4679
7751637,yqeL,b4683
7751638,yqfG,b4684
7751639,ilvX,b4669
7751640,yrdF,b4697
7751641,yobI,b4677
7751642,azuC,b4663
7751643,yoeI,b4678
7751644,oweE,b4692
7751645,aaaE,b4693
7751646,sroH,b4691
7751647,yoaK,b4676
7751648,yoaJ,b4675
8764967,mgrR,b4698
8764968,fnrS,b4699
8764969,sokE,b4700
8764970,sokX,b4701
9797237,mgtL,b4702
11115378,arrS,b4704
11115379,pmrR,b4703
14678508,insI1,b4708
14678509,mntS,b4705
14678510,iroK,b4706
14678511,esrE,b4707
19351531,agrA,b4712
19351532,agrB,b4713
20160642,ralA,b4714